CDG,AE,8
CDG,AF,0
CDG,AG,1
CDG,AL,1
CDG,AM,2
CDG,AO,2
CDG,AR,0
CDG,AT,7
CDG,AU,21
CDG,AW,1
CDG,AZ,0
CDG,BA,1
CDG,BB,0
CDG,BD,0
CDG,BE,0
CDG,BF,1
CDG,BG,3
CDG,BH,2
CDG,BI,1
CDG,BJ,2
CDG,BM,1
CDG,BN,1
CDG,BQ,3
CDG,BR,0
CDG,BS,3
CDG,BW,1
CDG,BY,2
CDG,BZ,1
CDG,CA,40
CDG,CD,4
CDG,CF,1
CDG,CG,3
CDG,CH,8
CDG,CI,2
CDG,CL,5
CDG,CM,4
CDG,CN,2
CDG,CO,11
CDG,CR,4
CDG,CU,2
CDG,CW,1
CDG,CY,3
CDG,CZ,1
CDG,DE,7
CDG,DJ,1
CDG,DK,6
CDG,DO,8
CDG,DZ,20
CDG,EC,2
CDG,EE,2
CDG,EG,9
CDG,ER,0
CDG,ES,45
CDG,ET,0
CDG,FI,9
CDG,FJ,2
CDG,FR,43
CDG,GA,2
CDG,GD,0
CDG,GE,0
CDG,GF,1
CDG,GH,0
CDG,GI,1
CDG,GM,1
CDG,GN,1
CDG,GP,4
CDG,GQ,1
CDG,GR,34
CDG,GT,1
CDG,GU,1
CDG,HK,0
CDG,HN,2
CDG,HR,9
CDG,HU,3
CDG,ID,18
CDG,IE,7
CDG,IL,2
CDG,IN,1
CDG,IQ,5
CDG,IR,5
CDG,IS,3
CDG,IT,7
CDG,JM,2
CDG,JO,3
CDG,JP,3
CDG,KE,5
CDG,KG,1
CDG,KH,3
CDG,KM,1
CDG,KN,2
CDG,KO,2
CDG,KR,12
CDG,KW,2
CDG,KY,1
CDG,KZ,3
CDG,LA,2
CDG,LB,1
CDG,LC,3
CDG,LK,2
CDG,LR,1
CDG,LT,1
CDG,LU,2
CDG,LV,2
CDG,MA,13
CDG,MD,1
CDG,ME,3
CDG,MG,2
CDG,MK,1
CDG,ML,0
CDG,MM,3
CDG,MN,0
CDG,MO,1
CDG,MP,0
CDG,MQ,2
CDG,MR,2
CDG,MT,2
CDG,MU,3
CDG,MV,0
CDG,MW,2
CDG,MX,43
CDG,MY,14
CDG,MZ,0
CDG,NE,0
CDG,NG,8
CDG,NI,1
CDG,NL,6
CDG,NO,21
CDG,NP,1
CDG,NZ,14
CDG,OM,3
CDG,PA,2
CDG,PE,1
CDG,PF,3
CDG,PH,12
CDG,PK,8
CDG,PL,12
CDG,PR,3
CDG,PT,3
CDG,PW,1
CDG,QA,2
CDG,RE,2
CDG,RO,8
CDG,RS,2
CDG,RU,29
CDG,RW,1
CDG,SA,11
CDG,SC,3
CDG,SD,0
CDG,SE,3
CDG,SG,2
CDG,SI,1
CDG,SK,2
CDG,SL,0
CDG,SN,2
CDG,SO,2
CDG,SR,1
CDG,SS,1
CDG,SV,1
CDG,SX,2
CDG,SY,0
CDG,TC,1
CDG,TD,2
CDG,TG,2
CDG,TH,12
CDG,TM,1
CDG,TN,6
CDG,TR,2
CDG,TT,2
CDG,TW,6
CDG,TZ,4
CDG,UA,0
CDG,UG,0
CDG,UK,54
CDG,US,13
CDG,UY,2
CDG,VE,4
CDG,VI,2
CDG,VN,2
CDG,YT,2
CDG,ZA,11
CDG,ZM,3
CDG,ZW,3
CDG,AI,1
CDG,AS,0
CDG,BO,2
CDG,CK,1
CDG,CV,4
CDG,DM,2
CDG,FO,1
CDG,GG,0
CDG,GL,0
CDG,GW,0
CDG,GY,2
CDG,HT,0
CDG,KP,0
CDG,LY,0
CDG,MC,0
CDG,NC,0
CDG,PG,1
CDG,PY,0
CDG,SB,0
CDG,ST,0
CDG,TJ,1
CDG,TO,1
CDG,UZ,1
CDG,VC,0
CDG,VG,1
CDG,VU,1
CDG,WS,1
CDG,BL,0
CDG,FM,0
CDG,KI,0
CDG,MH,0
CDG,NU,0
CDG,SZ,1
CDG,TL,1
FRA,AE,9
FRA,AF,1
FRA,AG,1
FRA,AL,2
FRA,AM,0
FRA,AO,0
FRA,AR,12
FRA,AT,1
FRA,AU,2
FRA,AW,1
FRA,AZ,2
FRA,BA,1
FRA,BB,1
FRA,BD,0
FRA,BE,2
FRA,BF,1
FRA,BG,6
FRA,BH,2
FRA,BI,0
FRA,BJ,0
FRA,BM,0
FRA,BN,1
FRA,BQ,3
FRA,BR,46
FRA,BS,4
FRA,BW,0
FRA,BY,1
FRA,BZ,0
FRA,CA,40
FRA,CD,0
FRA,CF,0
FRA,CG,1
FRA,CH,0
FRA,CI,1
FRA,CL,12
FRA,CM,1
FRA,CN,81
FRA,CO,9
FRA,CR,2
FRA,CU,8
FRA,CW,1
FRA,CY,4
FRA,CZ,4
FRA,DE,2
FRA,DJ,1
FRA,DK,4
FRA,DO,2
FRA,DZ,6
FRA,EC,3
FRA,EE,3
FRA,EG,4
FRA,ER,1
FRA,ES,9
FRA,ET,0
FRA,FI,13
FRA,FJ,2
FRA,FR,41
FRA,GA,1
FRA,GD,0
FRA,GE,2
FRA,GF,1
FRA,GH,0
FRA,GI,1
FRA,GM,1
FRA,GN,0
FRA,GP,3
FRA,GQ,0
FRA,GR,33
FRA,GT,0
FRA,GU,1
FRA,HK,1
FRA,HN,3
FRA,HR,12
FRA,HU,3
FRA,ID,2
FRA,IE,8
FRA,IL,0
FRA,IN,37
FRA,IQ,5
FRA,IR,5
FRA,IS,1
FRA,IT,45
FRA,JM,3
FRA,JO,3
FRA,JP,1
FRA,KE,6
FRA,KG,2
FRA,KH,2
FRA,KM,1
FRA,KN,2
FRA,KO,1
FRA,KR,1
FRA,KW,2
FRA,KY,2
FRA,KZ,9
FRA,LA,2
FRA,LB,2
FRA,LC,3
FRA,LK,2
FRA,LR,0
FRA,LT,1
FRA,LU,0
FRA,LV,2
FRA,MA,9
FRA,MD,2
FRA,ME,2
FRA,MG,0
FRA,MK,1
FRA,ML,1
FRA,MM,0
FRA,MN,2
FRA,MO,1
FRA,MP,1
FRA,MQ,1
FRA,MR,0
FRA,MT,2
FRA,MU,1
FRA,MV,2
FRA,MW,0
FRA,MX,29
FRA,MY,0
FRA,MZ,3
FRA,NE,1
FRA,NG,6
FRA,NI,1
FRA,NL,0
FRA,NO,22
FRA,NP,1
FRA,NZ,17
FRA,OM,0
FRA,PA,3
FRA,PE,10
FRA,PF,0
FRA,PH,10
FRA,PK,9
FRA,PL,15
FRA,PR,3
FRA,PT,16
FRA,PW,1
FRA,QA,1
FRA,RE,2
FRA,RO,6
FRA,RS,0
FRA,RU,51
FRA,RW,1
FRA,SA,13
FRA,SC,3
FRA,SD,2
FRA,SE,27
FRA,SG,1
FRA,SI,2
FRA,SK,2
FRA,SL,0
FRA,SN,1
FRA,SO,1
FRA,SR,1
FRA,SS,0
FRA,SV,1
FRA,SX,1
FRA,SY,0
FRA,TC,1
FRA,TD,1
FRA,TG,1
FRA,TH,15
FRA,TM,1
FRA,TN,4
FRA,TR,47
FRA,TT,0
FRA,TW,0
FRA,TZ,4
FRA,UA,8
FRA,UG,0
FRA,UK,0
FRA,US,254
FRA,UY,1
FRA,VE,1
FRA,VI,3
FRA,VN,9
FRA,YT,1
FRA,ZA,10
FRA,ZM,2
FRA,ZW,2
FRA,AI,0
FRA,AS,0
FRA,BO,0
FRA,CK,1
FRA,CV,4
FRA,DM,0
FRA,FO,1
FRA,GG,0
FRA,GL,0
FRA,GW,1
FRA,GY,1
FRA,HT,0
FRA,KP,1
FRA,LY,0
FRA,MC,0
FRA,NC,0
FRA,PG,0
FRA,PY,1
FRA,SB,0
FRA,ST,0
FRA,TJ,3
FRA,TO,1
FRA,UZ,0
FRA,VC,0
FRA,VG,1
FRA,VU,0
FRA,WS,1
FRA,BL,0
FRA,FM,0
FRA,KI,0
FRA,MH,0
FRA,NU,0
FRA,SZ,0
FRA,TL,0
JFK,AE,8
JFK,AF,2
JFK,AG,2
JFK,AL,1
JFK,AM,0
JFK,AO,1
JFK,AR,21
JFK,AT,0
JFK,AU,36
JFK,AW,1
JFK,AZ,3
JFK,BA,2
JFK,BB,2
JFK,BD,5
JFK,BE,0
JFK,BF,1
JFK,BG,0
JFK,BH,0
JFK,BI,1
JFK,BJ,1
JFK,BM,2
JFK,BN,1
JFK,BQ,3
JFK,BR,62
JFK,BS,11
JFK,BW,3
JFK,BY,2
JFK,BZ,7
JFK,CA,49
JFK,CD,2
JFK,CF,1
JFK,CG,2
JFK,CH,8
JFK,CI,2
JFK,CL,15
JFK,CM,2
JFK,CN,87
JFK,CO,22
JFK,CR,6
JFK,CU,8
JFK,CW,2
JFK,CY,1
JFK,CZ,5
JFK,DE,25
JFK,DJ,1
JFK,DK,7
JFK,DO,11
JFK,DZ,1
JFK,EC,12
JFK,EE,1
JFK,EG,2
JFK,ER,0
JFK,ES,10
JFK,ET,0
JFK,FI,12
JFK,FJ,6
JFK,FR,44
JFK,GA,1
JFK,GD,2
JFK,GE,3
JFK,GF,1
JFK,GH,2
JFK,GI,1
JFK,GM,1
JFK,GN,1
JFK,GP,3
JFK,GQ,1
JFK,GR,25
JFK,GT,2
JFK,GU,0
JFK,HK,2
JFK,HN,4
JFK,HR,7
JFK,HU,2
JFK,ID,19
JFK,IE,8
JFK,IL,4
JFK,IN,52
JFK,IQ,5
JFK,IR,5
JFK,IS,1
JFK,IT,36
JFK,JM,1
JFK,JO,0
JFK,JP,39
JFK,KE,0
JFK,KG,1
JFK,KH,3
JFK,KM,1
JFK,KN,0
JFK,KO,1
JFK,KR,15
JFK,KW,2
JFK,KY,3
JFK,KZ,7
JFK,LA,2
JFK,LB,1
JFK,LC,4
JFK,LK,1
JFK,LR,1
JFK,LT,3
JFK,LU,0
JFK,LV,1
JFK,MA,13
JFK,MD,0
JFK,ME,1
JFK,MG,3
JFK,MK,0
JFK,ML,0
JFK,MM,5
JFK,MN,0
JFK,MO,1
JFK,MP,0
JFK,MQ,1
JFK,MR,1
JFK,MT,0
JFK,MU,2
JFK,MV,2
JFK,MW,2
JFK,MX,3
JFK,MY,14
JFK,MZ,1
JFK,NE,1
JFK,NG,9
JFK,NI,0
JFK,NL,5
JFK,NO,25
JFK,NP,1
JFK,NZ,15
JFK,OM,2
JFK,PA,0
JFK,PE,15
JFK,PF,10
JFK,PH,1
JFK,PK,12
JFK,PL,3
JFK,PR,7
JFK,PT,13
JFK,PW,1
JFK,QA,0
JFK,RE,0
JFK,RO,1
JFK,RS,3
JFK,RU,50
JFK,RW,2
JFK,SA,0
JFK,SC,0
JFK,SD,2
JFK,SE,5
JFK,SG,1
JFK,SI,0
JFK,SK,2
JFK,SL,1
JFK,SN,1
JFK,SO,0
JFK,SR,1
JFK,SS,0
JFK,SV,2
JFK,SX,0
JFK,SY,1
JFK,TC,0
JFK,TD,1
JFK,TG,1
JFK,TH,15
JFK,TM,1
JFK,TN,0
JFK,TR,32
JFK,TT,4
JFK,TW,11
JFK,TZ,5
JFK,UA,13
JFK,UG,0
JFK,UK,4
JFK,US,26
JFK,UY,2
JFK,VE,4
JFK,VI,0
JFK,VN,11
JFK,YT,0
JFK,ZA,14
JFK,ZM,0
JFK,ZW,3
JFK,AI,1
JFK,AS,1
JFK,BO,6
JFK,CK,2
JFK,CV,0
JFK,DM,3
JFK,FO,1
JFK,GG,0
JFK,GL,3
JFK,GW,0
JFK,GY,0
JFK,HT,3
JFK,KP,0
JFK,LY,1
JFK,MC,1
JFK,NC,1
JFK,PG,10
JFK,PY,2
JFK,SB,0
JFK,ST,1
JFK,TJ,0
JFK,TO,2
JFK,UZ,0
JFK,VC,1
JFK,VG,0
JFK,VU,2
JFK,WS,1
JFK,BL,0
JFK,FM,0
JFK,KI,1
JFK,MH,0
JFK,NU,0
JFK,SZ,1
JFK,TL,1
LHR,AE,0
LHR,AF,1
LHR,AG,1
LHR,AL,1
LHR,AM,1
LHR,AO,1
LHR,AR,0
LHR,AT,9
LHR,AU,1
LHR,AW,1
LHR,AZ,2
LHR,BA,1
LHR,BB,1
LHR,BD,4
LHR,BE,1
LHR,BF,0
LHR,BG,0
LHR,BH,0
LHR,BI,0
LHR,BJ,1
LHR,BM,1
LHR,BN,1
LHR,BQ,0
LHR,BR,49
LHR,BS,7
LHR,BW,3
LHR,BY,1
LHR,BZ,2
LHR,CA,56
LHR,CD,3
LHR,CF,1
LHR,CG,2
LHR,CH,10
LHR,CI,0
LHR,CL,5
LHR,CM,2
LHR,CN,116
LHR,CO,15
LHR,CR,2
LHR,CU,8
LHR,CW,1
LHR,CY,3
LHR,CZ,2
LHR,DE,7
LHR,DJ,0
LHR,DK,6
LHR,DO,1
LHR,DZ,7
LHR,EC,5
LHR,EE,3
LHR,EG,11
LHR,ER,1
LHR,ES,8
LHR,ET,11
LHR,FI,1
LHR,FJ,4
LHR,FR,51
LHR,GA,1
LHR,GD,1
LHR,GE,0
LHR,GF,0
LHR,GH,2
LHR,GI,2
LHR,GM,1
LHR,GN,1
LHR,GP,3
LHR,GQ,0
LHR,GR,40
LHR,GT,2
LHR,GU,1
LHR,HK,2
LHR,HN,3
LHR,HR,12
LHR,HU,3
LHR,ID,1
LHR,IE,8
LHR,IL,3
LHR,IN,4
LHR,IQ,4
LHR,IR,9
LHR,IS,4
LHR,IT,6
LHR,JM,2
LHR,JO,0
LHR,JP,3
LHR,KE,9
LHR,KG,2
LHR,KH,3
LHR,KM,1
LHR,KN,0
LHR,KO,1
LHR,KR,13
LHR,KW,2
LHR,KY,1
LHR,KZ,8
LHR,LA,0
LHR,LB,2
LHR,LC,3
LHR,LK,0
LHR,LR,1
LHR,LT,3
LHR,LU,1
LHR,LV,0
LHR,MA,13
LHR,MD,1
LHR,ME,2
LHR,MG,2
LHR,MK,2
LHR,ML,1
LHR,MM,6
LHR,MN,1
LHR,MO,1
LHR,MP,1
LHR,MQ,0
LHR,MR,1
LHR,MT,2
LHR,MU,3
LHR,MV,0
LHR,MW,2
LHR,MX,38
LHR,MY,18
LHR,MZ,6
LHR,NE,1
LHR,NG,9
LHR,NI,1
LHR,NL,6
LHR,NO,34
LHR,NP,1
LHR,NZ,20
LHR,OM,3
LHR,PA,0
LHR,PE,16
LHR,PF,3
LHR,PH,17
LHR,PK,12
LHR,PL,12
LHR,PR,4
LHR,PT,1
LHR,PW,0
LHR,QA,2
LHR,RE,2
LHR,RO,9
LHR,RS,0
LHR,RU,55
LHR,RW,1
LHR,SA,0
LHR,SC,2
LHR,SD,2
LHR,SE,32
LHR,SG,2
LHR,SI,0
LHR,SK,3
LHR,SL,0
LHR,SN,0
LHR,SO,2
LHR,SR,0
LHR,SS,0
LHR,SV,1
LHR,SX,0
LHR,SY,1
LHR,TC,0
LHR,TD,0
LHR,TG,1
LHR,TH,13
LHR,TM,1
LHR,TN,4
LHR,TR,22
LHR,TT,2
LHR,TW,0
LHR,TZ,5
LHR,UA,9
LHR,UG,1
LHR,UK,42
LHR,US,279
LHR,UY,0
LHR,VE,5
LHR,VI,2
LHR,VN,8
LHR,YT,1
LHR,ZA,16
LHR,ZM,0
LHR,ZW,3
LHR,AI,1
LHR,AS,0
LHR,BO,0
LHR,CK,0
LHR,CV,4
LHR,DM,3
LHR,FO,1
LHR,GG,0
LHR,GL,0
LHR,GW,0
LHR,GY,1
LHR,HT,2
LHR,KP,1
LHR,LY,1
LHR,MC,0
LHR,NC,1
LHR,PG,6
LHR,PY,1
LHR,SB,2
LHR,ST,1
LHR,TJ,2
LHR,TO,2
LHR,UZ,3
LHR,VC,1
LHR,VG,0
LHR,VU,1
LHR,WS,1
LHR,BL,0
LHR,FM,0
LHR,KI,0
LHR,MH,0
LHR,NU,0
LHR,SZ,1
LHR,TL,1
IST,AE,1
IST,AF,1
IST,AG,0
IST,AL,2
IST,AM,1
IST,AO,1
IST,AR,1
IST,AT,8
IST,AU,19
IST,AW,0
IST,AZ,0
IST,BA,2
IST,BB,0
IST,BD,0
IST,BE,2
IST,BF,2
IST,BG,4
IST,BH,2
IST,BI,1
IST,BJ,1
IST,BM,1
IST,BN,1
IST,BQ,1
IST,BR,24
IST,BS,0
IST,BW,0
IST,BY,2
IST,BZ,1
IST,CA,28
IST,CD,0
IST,CF,0
IST,CG,2
IST,CH,6
IST,CI,1
IST,CL,2
IST,CM,2
IST,CN,39
IST,CO,5
IST,CR,2
IST,CU,4
IST,CW,1
IST,CY,0
IST,CZ,0
IST,DE,1
IST,DJ,0
IST,DK,6
IST,DO,3
IST,DZ,11
IST,EC,2
IST,EE,2
IST,EG,10
IST,ER,1
IST,ES,27
IST,ET,0
IST,FI,6
IST,FJ,2
IST,FR,35
IST,GA,0
IST,GD,0
IST,GE,3
IST,GF,1
IST,GH,2
IST,GI,1
IST,GM,1
IST,GN,1
IST,GP,2
IST,GQ,1
IST,GR,27
IST,GT,1
IST,GU,0
IST,HK,0
IST,HN,2
IST,HR,7
IST,HU,2
IST,ID,13
IST,IE,0
IST,IL,2
IST,IN,30
IST,IQ,9
IST,IR,9
IST,IS,1
IST,IT,30
IST,JM,2
IST,JO,0
IST,JP,19
IST,KE,0
IST,KG,3
IST,KH,1
IST,KM,1
IST,KN,1
IST,KO,2
IST,KR,12
IST,KW,0
IST,KY,1
IST,KZ,6
IST,LA,0
IST,LB,0
IST,LC,3
IST,LK,0
IST,LR,1
IST,LT,3
IST,LU,2
IST,LV,2
IST,MA,9
IST,MD,0
IST,ME,3
IST,MG,1
IST,MK,3
IST,ML,1
IST,MM,2
IST,MN,1
IST,MO,1
IST,MP,0
IST,MQ,0
IST,MR,0
IST,MT,2
IST,MU,2
IST,MV,3
IST,MW,2
IST,MX,9
IST,MY,11
IST,MZ,0
IST,NE,1
IST,NG,6
IST,NI,0
IST,NL,4
IST,NO,17
IST,NP,1
IST,NZ,4
IST,OM,3
IST,PA,1
IST,PE,2
IST,PF,4
IST,PH,11
IST,PK,0
IST,PL,9
IST,PR,0
IST,PT,6
IST,PW,1
IST,QA,2
IST,RE,0
IST,RO,0
IST,RS,2
IST,RU,34
IST,RW,0
IST,SA,16
IST,SC,3
IST,SD,0
IST,SE,18
IST,SG,0
IST,SI,2
IST,SK,1
IST,SL,0
IST,SN,0
IST,SO,0
IST,SR,1
IST,SS,0
IST,SV,0
IST,SX,1
IST,SY,0
IST,TC,1
IST,TD,1
IST,TG,1
IST,TH,17
IST,TM,2
IST,TN,0
IST,TR,43
IST,TT,2
IST,TW,0
IST,TZ,5
IST,UA,13
IST,UG,1
IST,UK,2
IST,US,147
IST,UY,2
IST,VE,1
IST,VI,0
IST,VN,6
IST,YT,0
IST,ZA,8
IST,ZM,2
IST,ZW,3
IST,AI,0
IST,AS,0
IST,BO,0
IST,CK,0
IST,CV,3
IST,DM,0
IST,FO,1
IST,GG,0
IST,GL,0
IST,GW,1
IST,GY,1
IST,HT,1
IST,KP,0
IST,LY,5
IST,MC,0
IST,NC,0
IST,PG,1
IST,PY,0
IST,SB,1
IST,ST,1
IST,TJ,2
IST,TO,0
IST,UZ,0
IST,VC,0
IST,VG,1
IST,VU,0
IST,WS,0
IST,BL,0
IST,FM,0
IST,KI,0
IST,MH,0
IST,NU,0
IST,SZ,1
IST,TL,0
AMS,AE,10
AMS,AF,1
AMS,AG,1
AMS,AL,2
AMS,AM,1
AMS,AO,2
AMS,AR,1
AMS,AT,10
AMS,AU,1
AMS,AW,2
AMS,AZ,0
AMS,BA,1
AMS,BB,1
AMS,BD,2
AMS,BE,3
AMS,BF,1
AMS,BG,4
AMS,BH,1
AMS,BI,1
AMS,BJ,1
AMS,BM,1
AMS,BN,1
AMS,BQ,2
AMS,BR,35
AMS,BS,1
AMS,BW,0
AMS,BY,2
AMS,BZ,0
AMS,CA,3
AMS,CD,0
AMS,CF,1
AMS,CG,0
AMS,CH,1
AMS,CI,1
AMS,CL,2
AMS,CM,0
AMS,CN,74
AMS,CO,7
AMS,CR,2
AMS,CU,9
AMS,CW,2
AMS,CY,4
AMS,CZ,1
AMS,DE,4
AMS,DJ,0
AMS,DK,10
AMS,DO,7
AMS,DZ,0
AMS,EC,5
AMS,EE,2
AMS,EG,9
AMS,ER,1
AMS,ES,53
AMS,ET,3
AMS,FI,16
AMS,FJ,1
AMS,FR,6
AMS,GA,0
AMS,GD,0
AMS,GE,3
AMS,GF,0
AMS,GH,0
AMS,GI,1
AMS,GM,2
AMS,GN,0
AMS,GP,3
AMS,GQ,1
AMS,GR,18
AMS,GT,1
AMS,GU,0
AMS,HK,2
AMS,HN,0
AMS,HR,12
AMS,HU,3
AMS,ID,18
AMS,IE,7
AMS,IL,4
AMS,IN,46
AMS,IQ,5
AMS,IR,4
AMS,IS,4
AMS,IT,47
AMS,JM,0
AMS,JO,0
AMS,JP,22
AMS,KE,1
AMS,KG,1
AMS,KH,2
AMS,KM,1
AMS,KN,1
AMS,KO,0
AMS,KR,12
AMS,KW,2
AMS,KY,1
AMS,KZ,6
AMS,LA,3
AMS,LB,1
AMS,LC,3
AMS,LK,2
AMS,LR,0
AMS,LT,5
AMS,LU,2
AMS,LV,2
AMS,MA,14
AMS,MD,0
AMS,ME,3
AMS,MG,1
AMS,MK,3
AMS,ML,0
AMS,MM,3
AMS,MN,1
AMS,MO,1
AMS,MP,1
AMS,MQ,1
AMS,MR,1
AMS,MT,2
AMS,MU,1
AMS,MV,0
AMS,MW,2
AMS,MX,0
AMS,MY,18
AMS,MZ,3
AMS,NE,0
AMS,NG,4
AMS,NI,0
AMS,NL,2
AMS,NO,32
AMS,NP,0
AMS,NZ,16
AMS,OM,1
AMS,PA,1
AMS,PE,5
AMS,PF,2
AMS,PH,16
AMS,PK,7
AMS,PL,15
AMS,PR,0
AMS,PT,2
AMS,PW,1
AMS,QA,0
AMS,RE,1
AMS,RO,7
AMS,RS,1
AMS,RU,39
AMS,RW,2
AMS,SA,9
AMS,SC,2
AMS,SD,0
AMS,SE,33
AMS,SG,2
AMS,SI,2
AMS,SK,2
AMS,SL,1
AMS,SN,2
AMS,SO,2
AMS,SR,2
AMS,SS,0
AMS,SV,1
AMS,SX,2
AMS,SY,0
AMS,TC,1
AMS,TD,1
AMS,TG,1
AMS,TH,12
AMS,TM,1
AMS,TN,4
AMS,TR,13
AMS,TT,2
AMS,TW,0
AMS,TZ,5
AMS,UA,10
AMS,UG,0
AMS,UK,61
AMS,US,19
AMS,UY,1
AMS,VE,3
AMS,VI,2
AMS,VN,1
AMS,YT,1
AMS,ZA,14
AMS,ZM,3
AMS,ZW,0
AMS,AI,1
AMS,AS,0
AMS,BO,0
AMS,CK,1
AMS,CV,5
AMS,DM,1
AMS,FO,1
AMS,GG,0
AMS,GL,1
AMS,GW,1
AMS,GY,0
AMS,HT,1
AMS,KP,0
AMS,LY,0
AMS,MC,0
AMS,NC,0
AMS,PG,1
AMS,PY,0
AMS,SB,0
AMS,ST,1
AMS,TJ,0
AMS,TO,0
AMS,UZ,1
AMS,VC,0
AMS,VG,0
AMS,VU,1
AMS,WS,1
AMS,BL,0
AMS,FM,0
AMS,KI,0
AMS,MH,0
AMS,NU,0
AMS,SZ,1
AMS,TL,0
FCO,AE,8
FCO,AF,1
FCO,AG,1
FCO,AL,2
FCO,AM,1
FCO,AO,0
FCO,AR,12
FCO,AT,7
FCO,AU,0
FCO,AW,1
FCO,AZ,0
FCO,BA,1
FCO,BB,0
FCO,BD,2
FCO,BE,3
FCO,BF,1
FCO,BG,4
FCO,BH,1
FCO,BI,1
FCO,BJ,1
FCO,BM,1
FCO,BN,1
FCO,BQ,3
FCO,BR,35
FCO,BS,2
FCO,BW,1
FCO,BY,0
FCO,BZ,1
FCO,CA,0
FCO,CD,3
FCO,CF,1
FCO,CG,2
FCO,CH,8
FCO,CI,0
FCO,CL,11
FCO,CM,2
FCO,CN,61
FCO,CO,7
FCO,CR,0
FCO,CU,7
FCO,CW,1
FCO,CY,1
FCO,CZ,0
FCO,DE,28
FCO,DJ,0
FCO,DK,4
FCO,DO,0
FCO,DZ,5
FCO,EC,3
FCO,EE,0
FCO,EG,9
FCO,ER,1
FCO,ES,23
FCO,ET,10
FCO,FI,10
FCO,FJ,1
FCO,FR,45
FCO,GA,0
FCO,GD,0
FCO,GE,1
FCO,GF,0
FCO,GH,1
FCO,GI,1
FCO,GM,0
FCO,GN,0
FCO,GP,1
FCO,GQ,0
FCO,GR,41
FCO,GT,0
FCO,GU,1
FCO,HK,0
FCO,HN,3
FCO,HR,9
FCO,HU,1
FCO,ID,10
FCO,IE,7
FCO,IL,3
FCO,IN,28
FCO,IQ,4
FCO,IR,5
FCO,IS,1
FCO,IT,1
FCO,JM,2
FCO,JO,2
FCO,JP,18
FCO,KE,5
FCO,KG,0
FCO,KH,0
FCO,KM,1
FCO,KN,1
FCO,KO,0
FCO,KR,9
FCO,KW,0
FCO,KY,1
FCO,KZ,1
FCO,LA,0
FCO,LB,2
FCO,LC,3
FCO,LK,0
FCO,LR,1
FCO,LT,5
FCO,LU,2
FCO,LV,2
FCO,MA,8
FCO,MD,2
FCO,ME,3
FCO,MG,1
FCO,MK,1
FCO,ML,1
FCO,MM,4
FCO,MN,1
FCO,MO,1
FCO,MP,1
FCO,MQ,1
FCO,MR,1
FCO,MT,0
FCO,MU,1
FCO,MV,1
FCO,MW,2
FCO,MX,0
FCO,MY,0
FCO,MZ,2
FCO,NE,0
FCO,NG,5
FCO,NI,1
FCO,NL,7
FCO,NO,11
FCO,NP,1
FCO,NZ,7
FCO,OM,2
FCO,PA,2
FCO,PE,8
FCO,PF,2
FCO,PH,9
FCO,PK,7
FCO,PL,1
FCO,PR,3
FCO,PT,0
FCO,PW,1
FCO,QA,2
FCO,RE,2
FCO,RO,11
FCO,RS,2
FCO,RU,28
FCO,RW,1
FCO,SA,8
FCO,SC,0
FCO,SD,2
FCO,SE,20
FCO,SG,2
FCO,SI,1
FCO,SK,0
FCO,SL,1
FCO,SN,1
FCO,SO,0
FCO,SR,0
FCO,SS,0
FCO,SV,0
FCO,SX,1
FCO,SY,0
FCO,TC,1
FCO,TD,0
FCO,TG,1
FCO,TH,11
FCO,TM,1
FCO,TN,2
FCO,TR,26
FCO,TT,2
FCO,TW,0
FCO,TZ,6
FCO,UA,2
FCO,UG,1
FCO,UK,40
FCO,US,7
FCO,UY,1
FCO,VE,4
FCO,VI,1
FCO,VN,6
FCO,YT,0
FCO,ZA,7
FCO,ZM,0
FCO,ZW,2
FCO,AI,1
FCO,AS,0
FCO,BO,2
FCO,CK,1
FCO,CV,4
FCO,DM,0
FCO,FO,0
FCO,GG,0
FCO,GL,1
FCO,GW,1
FCO,GY,0
FCO,HT,1
FCO,KP,0
FCO,LY,1
FCO,MC,0
FCO,NC,0
FCO,PG,0
FCO,PY,1
FCO,SB,0
FCO,ST,1
FCO,TJ,0
FCO,TO,1
FCO,UZ,2
FCO,VC,0
FCO,VG,0
FCO,VU,1
FCO,WS,1
FCO,BL,0
FCO,FM,0
FCO,KI,0
FCO,MH,0
FCO,NU,0
FCO,SZ,0
FCO,TL,0
YYZ,AE,5
YYZ,AF,2
YYZ,AG,1
YYZ,AL,0
YYZ,AM,1
YYZ,AO,0
YYZ,AR,19
YYZ,AT,7
YYZ,AU,25
YYZ,AW,2
YYZ,AZ,1
YYZ,BA,1
YYZ,BB,2
YYZ,BD,4
YYZ,BE,3
YYZ,BF,1
YYZ,BG,3
YYZ,BH,1
YYZ,BI,1
YYZ,BJ,1
YYZ,BM,2
YYZ,BN,1
YYZ,BQ,3
YYZ,BR,34
YYZ,BS,14
YYZ,BW,3
YYZ,BY,1
YYZ,BZ,0
YYZ,CA,71
YYZ,CD,2
YYZ,CF,0
YYZ,CG,2
YYZ,CH,6
YYZ,CI,1
YYZ,CL,9
YYZ,CM,0
YYZ,CN,65
YYZ,CO,20
YYZ,CR,4
YYZ,CU,15
YYZ,CW,0
YYZ,CY,2
YYZ,CZ,4
YYZ,DE,21
YYZ,DJ,1
YYZ,DK,5
YYZ,DO,10
YYZ,DZ,0
YYZ,EC,0
YYZ,EE,2
YYZ,EG,7
YYZ,ER,0
YYZ,ES,2
YYZ,ET,0
YYZ,FI,5
YYZ,FJ,5
YYZ,FR,31
YYZ,GA,1
YYZ,GD,2
YYZ,GE,2
YYZ,GF,1
YYZ,GH,1
YYZ,GI,0
YYZ,GM,0
YYZ,GN,1
YYZ,GP,2
YYZ,GQ,0
YYZ,GR,23
YYZ,GT,0
YYZ,GU,1
YYZ,HK,2
YYZ,HN,5
YYZ,HR,0
YYZ,HU,3
YYZ,ID,11
YYZ,IE,7
YYZ,IL,2
YYZ,IN,47
YYZ,IQ,1
YYZ,IR,7
YYZ,IS,2
YYZ,IT,30
YYZ,JM,3
YYZ,JO,1
YYZ,JP,33
YYZ,KE,3
YYZ,KG,1
YYZ,KH,3
YYZ,KM,0
YYZ,KN,3
YYZ,KO,1
YYZ,KR,10
YYZ,KW,1
YYZ,KY,2
YYZ,KZ,3
YYZ,LA,4
YYZ,LB,1
YYZ,LC,4
YYZ,LK,1
YYZ,LR,1
YYZ,LT,2
YYZ,LU,1
YYZ,LV,1
YYZ,MA,8
YYZ,MD,1
YYZ,ME,2
YYZ,MG,2
YYZ,MK,0
YYZ,ML,1
YYZ,MM,2
YYZ,MN,1
YYZ,MO,1
YYZ,MP,1
YYZ,MQ,1
YYZ,MR,1
YYZ,MT,0
YYZ,MU,1
YYZ,MV,2
YYZ,MW,0
YYZ,MX,50
YYZ,MY,0
YYZ,MZ,2
YYZ,NE,1
YYZ,NG,0
YYZ,NI,2
YYZ,NL,6
YYZ,NO,18
YYZ,NP,1
YYZ,NZ,12
YYZ,OM,2
YYZ,PA,3
YYZ,PE,13
YYZ,PF,7
YYZ,PH,20
YYZ,PK,2
YYZ,PL,10
YYZ,PR,4
YYZ,PT,15
YYZ,PW,0
YYZ,QA,1
YYZ,RE,1
YYZ,RO,0
YYZ,RS,2
YYZ,RU,1
YYZ,RW,0
YYZ,SA,6
YYZ,SC,2
YYZ,SD,1
YYZ,SE,1
YYZ,SG,1
YYZ,SI,1
YYZ,SK,2
YYZ,SL,1
YYZ,SN,1
YYZ,SO,2
YYZ,SR,0
YYZ,SS,0
YYZ,SV,2
YYZ,SX,0
YYZ,SY,0
YYZ,TC,4
YYZ,TD,1
YYZ,TG,0
YYZ,TH,13
YYZ,TM,1
YYZ,TN,0
YYZ,TR,24
YYZ,TT,0
YYZ,TW,0
YYZ,TZ,5
YYZ,UA,10
YYZ,UG,1
YYZ,UK,33
YYZ,US,5
YYZ,UY,2
YYZ,VE,0
YYZ,VI,2
YYZ,VN,0
YYZ,YT,0
YYZ,ZA,0
YYZ,ZM,2
YYZ,ZW,2
YYZ,AI,0
YYZ,AS,0
YYZ,BO,0
YYZ,CK,2
YYZ,CV,3
YYZ,DM,0
YYZ,FO,1
YYZ,GG,0
YYZ,GL,3
YYZ,GW,0
YYZ,GY,3
YYZ,HT,0
YYZ,KP,1
YYZ,LY,0
YYZ,MC,0
YYZ,NC,1
YYZ,PG,2
YYZ,PY,0
YYZ,SB,0
YYZ,ST,1
YYZ,TJ,1
YYZ,TO,1
YYZ,UZ,0
YYZ,VC,1
YYZ,VG,0
YYZ,VU,0
YYZ,WS,1
YYZ,BL,1
YYZ,FM,0
YYZ,KI,0
YYZ,MH,0
YYZ,NU,0
YYZ,SZ,0
YYZ,TL,0
LGW,AE,4
LGW,AF,1
LGW,AG,2
LGW,AL,1
LGW,AM,1
LGW,AO,0
LGW,AR,12
LGW,AT,5
LGW,AU,0
LGW,AW,1
LGW,AZ,1
LGW,BA,0
LGW,BB,2
LGW,BD,2
LGW,BE,1
LGW,BF,1
LGW,BG,7
LGW,BH,1
LGW,BI,0
LGW,BJ,0
LGW,BM,0
LGW,BN,0
LGW,BQ,2
LGW,BR,30
LGW,BS,4
LGW,BW,3
LGW,BY,0
LGW,BZ,1
LGW,CA,34
LGW,CD,1
LGW,CF,0
LGW,CG,0
LGW,CH,7
LGW,CI,0
LGW,CL,4
LGW,CM,0
LGW,CN,4
LGW,CO,12
LGW,CR,4
LGW,CU,8
LGW,CW,1
LGW,CY,3
LGW,CZ,4
LGW,DE,22
LGW,DJ,0
LGW,DK,5
LGW,DO,7
LGW,DZ,3
LGW,EC,5
LGW,EE,0
LGW,EG,7
LGW,ER,1
LGW,ES,54
LGW,ET,2
LGW,FI,10
LGW,FJ,0
CDG,AE,8
CDG,AF,0
CDG,AG,1
CDG,AL,1
CDG,AM,2
CDG,AO,2
CDG,AR,0
CDG,AT,7
CDG,AU,21
CDG,AW,1
CDG,AZ,0
CDG,BA,1
CDG,BB,0
CDG,BD,0
CDG,BE,0
CDG,BF,1
CDG,BG,3
CDG,BH,2
CDG,BI,1
CDG,BJ,2
CDG,BM,1
CDG,BN,1
CDG,BQ,3
CDG,BR,0
CDG,BS,3
CDG,BW,1
CDG,BY,2
CDG,BZ,1
CDG,CA,40
CDG,CD,4
CDG,CF,1
CDG,CG,3
CDG,CH,8
CDG,CI,2
CDG,CL,5
CDG,CM,4
CDG,CN,2
CDG,CO,11
CDG,CR,4
CDG,CU,2
CDG,CW,1
LGA,anywhere,5
JFK,anywhere,273
EWR,anywhere,246
BOS,anywhere,37
SFO,anywhere,229
ORD,anywhere,244
MHT,anywhere,133
LGA,anywhere,5
JFK,anywhere,273
EWR,anywhere,246
BOS,anywhere,37
MHT,anywhere,133
LGA,anywhere,5
JFK,anywhere,273
EWR,anywhere,246
BOS,anywhere,37
MHT,anywhere,133
LGA,TPE,43
JFK,TPE,4
EWR,TPE,52
BOS,TPE,0
MHT,TPE,8
LGA,TW,6
JFK,TW,11
EWR,TW,0
BOS,TW,8
MHT,TW,1
LGA,TW,6
JFK,TW,11
EWR,TW,10
BOS,TW,8
MHT,TW,0
LGA,TW,6
JFK,TW,11
EWR,TW,10
BOS,TW,8
MHT,TW,0
CDG,AE,0
CDG,AF,0
CDG,AG,1
CDG,AL,1
CDG,AM,2
CDG,AO,2
CDG,AR,0
CDG,AT,7
CDG,AU,20
CDG,AW,1
CDG,AZ,2
CDG,BA,0
CDG,BB,0
CDG,BD,3
CDG,BE,2
CDG,BF,1
CDG,BG,3
CDG,BH,0
CDG,BI,0
CDG,BJ,2
CDG,BM,1
CDG,BN,1
CDG,BQ,3
CDG,BR,45
CDG,BS,3
CDG,BW,1
CDG,BY,2
CDG,BZ,1
CDG,CA,41
CDG,CD,4
CDG,CF,1
CDG,CG,4
CDG,CH,8
CDG,CI,2
CDG,CL,5
CDG,CM,1
CDG,CN,76
CDG,CO,11
CDG,CR,1
CDG,CU,7
CDG,CW,1
CDG,CY,2
CDG,CZ,4
CDG,DE,30
CDG,DJ,2
CDG,DK,6
CDG,DO,7
CDG,DZ,2
CDG,EC,2
CDG,EE,2
CDG,EG,10
CDG,ER,1
CDG,ES,16
CDG,ET,10
CDG,FI,1
CDG,FJ,2
CDG,FR,42
CDG,GA,2
CDG,GD,0
CDG,GE,3
CDG,GF,1
CDG,GH,2
CDG,GI,1
CDG,GM,1
CDG,GN,1
CDG,GP,4
CDG,GQ,1
CDG,GR,34
CDG,GT,1
CDG,GU,1
CDG,HK,0
CDG,HN,2
CDG,HR,9
CDG,HU,3
CDG,ID,18
CDG,IE,8
CDG,IL,0
CDG,IN,40
CDG,IQ,5
CDG,IR,5
CDG,IS,3
CDG,IT,38
CDG,JM,0
CDG,JO,3
CDG,JP,3
CDG,KE,0
CDG,KG,1
CDG,KH,0
CDG,KM,0
CDG,KN,2
CDG,KO,0
CDG,KR,13
CDG,KW,2
CDG,KY,1
CDG,KZ,3
CDG,LA,2
CDG,LB,0
CDG,LC,0
CDG,LK,2
CDG,LR,1
CDG,LT,4
CDG,LU,0
CDG,LV,0
CDG,MA,13
CDG,AE,0
CDG,AF,1
CDG,AG,1
CDG,AL,1
CDG,AM,2
CDG,AO,2
CDG,AR,10
CDG,AT,7
CDG,AU,20
CDG,AW,1
CDG,AZ,2
CDG,BA,0
CDG,BB,0
CDG,BD,3
CDG,BE,0
CDG,BF,0
CDG,BG,0
CDG,BH,2
CDG,BI,1
CDG,BJ,2
CDG,BM,1
CDG,BN,0
CDG,BQ,0
CDG,BR,46
CDG,BS,0
CDG,BW,1
CDG,BY,2
CDG,BZ,0
CDG,CA,39
CDG,CD,4
CDG,CF,1
CDG,CG,0
CDG,CH,8
CDG,CI,0
CDG,CL,1
CDG,CM,4
CDG,CN,75
CDG,CO,0
CDG,CR,4
CDG,CU,7
CDG,CW,1
CDG,CY,3
CDG,CZ,4
CDG,DE,7
CDG,DJ,2
CDG,DK,6
CDG,DO,7
CDG,DZ,2
CDG,EC,2
CDG,EE,2
CDG,EG,10
CDG,ER,0
CDG,ES,44
CDG,ET,10
CDG,FI,10
CDG,FJ,2
CDG,FR,2
CDG,GA,2
CDG,GD,1
CDG,GE,0
CDG,GF,0
CDG,GH,2
CDG,GI,1
CDG,GM,1
CDG,GN,1
CDG,GP,1
CDG,GQ,1
CDG,GR,3
CDG,GT,1
CDG,GU,1
CDG,HK,2
CDG,HN,0
CDG,HR,9
CDG,HU,0
CDG,ID,18
CDG,IE,8
CDG,IL,2
CDG,IN,40
CDG,IQ,5
CDG,IR,5
CDG,IS,0
CDG,IT,38
CDG,JM,2
CDG,JO,3
CDG,JP,29
CDG,KE,0
CDG,KG,1
CDG,KH,0
CDG,KM,0
CDG,KN,2
CDG,KO,2
CDG,KR,1
CDG,KW,2
CDG,KY,0
CDG,KZ,3
CDG,LA,2
CDG,LB,1
CDG,LC,3
CDG,LK,2
CDG,LR,1
CDG,LT,4
CDG,LU,2
CDG,LV,2
CDG,MA,13
CDG,MD,0
CDG,ME,3
CDG,MG,9
CDG,MK,1
CDG,ML,2
CDG,MM,3
CDG,MN,0
CDG,MO,1
CDG,MP,1
CDG,MQ,1
CDG,MR,2
CDG,MT,2
CDG,MU,3
CDG,MV,0
CDG,MW,2
CDG,MX,0
CDG,MY,0
CDG,MZ,4
CDG,NE,0
CDG,NG,8
CDG,NI,1
CDG,NL,6
CDG,NO,23
CDG,NP,1
CDG,NZ,1
CDG,OM,3
CDG,PA,2
CDG,PE,6
CDG,PF,3
CDG,PH,1
CDG,PK,9
CDG,PL,12
CDG,PR,3
CDG,PT,9
CDG,PW,0
CDG,QA,2
CDG,RE,3
CDG,RO,8
CDG,RS,0
CDG,RU,0
CDG,RW,0
CDG,SA,0
CDG,SC,3
CDG,SD,1
CDG,SE,27
CDG,SG,1
CDG,SI,1
CDG,SK,0
CDG,SL,1
CDG,SN,0
CDG,SO,2
CDG,SR,1
CDG,SS,1
CDG,SV,0
CDG,SX,1
CDG,SY,0
CDG,TC,1
CDG,TD,2
CDG,TG,2
CDG,TH,0
CDG,TM,0
CDG,TN,6
CDG,TR,18
CDG,TT,2
CDG,TW,6
CDG,TZ,4
CDG,UA,11
CDG,UG,1
CDG,UK,56
CDG,US,232
CDG,UY,2
CDG,VE,4
CDG,VI,0
CDG,VN,2
CDG,YT,2
CDG,ZA,11
CDG,ZM,3
CDG,ZW,3
CDG,AI,1
CDG,AS,0
CDG,BO,2
CDG,CK,0
CDG,CV,4
CDG,DM,0
CDG,FO,1
CDG,GG,0
CDG,GL,0
CDG,GW,1
CDG,GY,2
CDG,HT,1
CDG,KP,1
CDG,LY,0
CDG,MC,0
CDG,NC,1
CDG,PG,0
CDG,PY,1
CDG,SB,0
CDG,ST,0
CDG,TJ,1
CDG,TO,1
CDG,UZ,2
CDG,VC,0
CDG,VG,1
CDG,VU,1
CDG,WS,1
CDG,BL,0
CDG,FM,0
CDG,KI,0
CDG,MH,0
CDG,NU,0
CDG,SZ,1
CDG,TL,1
FRA,AE,9
FRA,AF,1
FRA,AG,1
FRA,AL,2
FRA,AM,1
FRA,AO,2
FRA,AR,2
FRA,AT,10
FRA,AU,2
FRA,AW,1
FRA,AZ,2
FRA,BA,1
FRA,BB,1
FRA,BD,3
FRA,BE,2
FRA,BF,0
FRA,BG,6
FRA,BH,2
FRA,BI,0
FRA,BJ,1
FRA,BM,1
FRA,BN,0
FRA,BQ,0
FRA,BR,45
FRA,BS,0
FRA,BW,2
FRA,BY,2
FRA,BZ,0
FRA,CA,9
FRA,CD,3
FRA,CF,0
FRA,CG,1
FRA,CH,0
FRA,CI,1
FRA,CL,12
FRA,CM,0
FRA,CN,3
FRA,CO,10
FRA,CR,2
FRA,CU,2
FRA,CW,0
FRA,CY,4
FRA,CZ,0
FRA,DE,31
FRA,DJ,0
FRA,DK,4
FRA,DO,7
FRA,DZ,6
FRA,EC,3
FRA,EE,1
FRA,EG,9
FRA,ER,1
FRA,ES,44
FRA,ET,11
FRA,FI,13
FRA,FJ,0
FRA,FR,3
FRA,GA,0
FRA,GD,0
FRA,GE,0
FRA,GF,1
FRA,GH,0
FRA,GI,1
FRA,GM,1
FRA,GN,1
FRA,GP,2
FRA,GQ,0
FRA,GR,33
FRA,GT,1
FRA,GU,0
FRA,HK,2
FRA,HN,3
FRA,HR,11
FRA,HU,0
FRA,ID,16
FRA,IE,8
FRA,IL,2
FRA,IN,39
FRA,IQ,5
FRA,IR,1
FRA,IS,3
FRA,IT,45
FRA,JM,3
FRA,JO,3
FRA,JP,34
FRA,KE,2
FRA,KG,2
FRA,KH,2
FRA,KM,1
FRA,KN,2
FRA,KO,1
FRA,KR,11
FRA,KW,2
FRA,KY,2
FRA,KZ,9
FRA,LA,2
FRA,LB,0
FRA,LC,3
FRA,LK,2
FRA,LR,1
FRA,LT,4
FRA,LU,2
FRA,LV,2
FRA,MA,11
FRA,MD,2
FRA,ME,2
FRA,MG,2
FRA,MK,1
FRA,ML,1
FRA,MM,0
FRA,MN,2
FRA,MO,1
FRA,MP,1
FRA,MQ,1
FRA,MR,1
FRA,MT,0
FRA,MU,1
FRA,MV,2
FRA,MW,2
FRA,MX,29
FRA,MY,14
FRA,MZ,0
FRA,NE,1
FRA,NG,7
FRA,NI,1
FRA,NL,5
FRA,NO,22
FRA,NP,1
FRA,NZ,17
FRA,OM,0
FRA,PA,3
FRA,PE,10
FRA,PF,0
FRA,PH,11
FRA,PK,9
FRA,PL,0
FRA,PR,1
FRA,PT,4
FRA,PW,1
FRA,QA,2
FRA,RE,2
FRA,RO,6
FRA,RS,3
FRA,RU,50
FRA,RW,1
FRA,SA,13
FRA,SC,2
FRA,SD,0
FRA,SE,28
FRA,SG,2
FRA,SI,0
FRA,SK,2
FRA,SL,1
FRA,SN,1
FRA,SO,1
FRA,SR,1
FRA,SS,0
FRA,SV,1
FRA,SX,1
FRA,SY,0
FRA,TC,0
FRA,TD,1
FRA,TG,1
FRA,TH,15
FRA,TM,1
FRA,TN,4
FRA,TR,19
FRA,TT,2
FRA,TW,7
FRA,TZ,4
FRA,UA,0
FRA,UG,1
FRA,UK,37
FRA,US,255
FRA,UY,1
FRA,VE,1
FRA,VI,0
FRA,VN,9
FRA,YT,1
FRA,ZA,9
FRA,ZM,2
FRA,ZW,1
FRA,AI,1
FRA,AS,0
FRA,BO,2
FRA,CK,0
FRA,CV,4
FRA,DM,0
FRA,FO,1
FRA,GG,0
FRA,GL,1
FRA,GW,1
FRA,GY,0
FRA,HT,0
FRA,KP,1
FRA,LY,0
FRA,MC,0
FRA,NC,0
FRA,PG,0
FRA,PY,1
FRA,SB,0
FRA,ST,1
FRA,TJ,0
FRA,TO,1
FRA,UZ,2
FRA,VC,0
FRA,VG,0
FRA,VU,0
FRA,WS,1
FRA,BL,0
FRA,FM,0
FRA,KI,0
FRA,MH,0
FRA,NU,0
FRA,SZ,0
FRA,TL,0
JFK,AE,9
JFK,AF,1
JFK,AG,2
JFK,AL,0
JFK,AM,0
JFK,AO,1
JFK,AR,23
JFK,AT,0
JFK,AU,35
JFK,AW,0
JFK,AZ,3
JFK,BA,2
JFK,BB,2
JFK,BD,0
JFK,BE,0
JFK,BF,0
JFK,BG,0
JFK,BH,1
JFK,BI,1
JFK,BJ,0
JFK,BM,2
JFK,BN,0
JFK,BQ,3
JFK,BR,62
JFK,BS,12
JFK,BW,3
JFK,BY,1
JFK,BZ,8
JFK,CA,1
JFK,CD,0
JFK,CF,1
JFK,CG,2
JFK,CH,9
JFK,CI,2
JFK,CL,16
JFK,CM,2
JFK,CN,91
JFK,CO,23
JFK,CR,1
JFK,CU,8
JFK,CW,1
JFK,CY,2
JFK,CZ,5
JFK,DE,2
JFK,DJ,1
JFK,DK,7
JFK,DO,9
JFK,DZ,3
JFK,EC,12
JFK,EE,1
JFK,EG,2
JFK,ER,1
JFK,ES,40
JFK,ET,7
JFK,FI,12
JFK,FJ,6
JFK,FR,6
JFK,GA,1
JFK,GD,2
JFK,GE,0
JFK,GF,1
JFK,GH,0
JFK,GI,1
JFK,GM,1
JFK,GN,0
JFK,GP,4
JFK,GQ,0
JFK,GR,27
JFK,GT,0
JFK,GU,1
JFK,HK,1
JFK,HN,5
JFK,HR,7
JFK,HU,2
JFK,ID,0
JFK,IE,8
JFK,IL,4
JFK,IN,53
JFK,IQ,5
JFK,IR,7
JFK,IS,5
JFK,IT,4
JFK,JM,3
JFK,JO,3
JFK,JP,41
JFK,KE,7
JFK,KG,0
JFK,KH,1
JFK,KM,0
JFK,KN,0
JFK,KO,0
JFK,KR,14
JFK,KW,0
JFK,KY,0
JFK,KZ,7
JFK,LA,2
JFK,LB,1
JFK,LC,4
JFK,LK,0
JFK,LR,1
JFK,LT,3
JFK,LU,1
JFK,LV,1
JFK,MA,14
JFK,MD,0
JFK,ME,2
JFK,MG,3
JFK,MK,2
JFK,ML,1
JFK,MM,5
JFK,MN,1
JFK,MO,0
JFK,MP,0
JFK,MQ,1
JFK,MR,0
JFK,MT,1
JFK,MU,0
JFK,MV,0
JFK,MW,2
JFK,MX,57
JFK,MY,16
JFK,MZ,4
JFK,NE,1
JFK,NG,10
JFK,NI,1
JFK,NL,1
JFK,NO,24
JFK,NP,0
JFK,NZ,19
JFK,OM,2
JFK,PA,3
JFK,PE,15
JFK,PF,10
JFK,PH,22
JFK,PK,13
JFK,PL,12
JFK,PR,8
JFK,PT,13
JFK,PW,1
JFK,QA,2
JFK,RE,2
JFK,RO,1
JFK,RS,0
JFK,RU,53
JFK,RW,2
JFK,SA,15
JFK,SC,2
JFK,SD,2
JFK,SE,5
JFK,SG,0
JFK,SI,1
JFK,SK,2
JFK,SL,1
JFK,SN,1
JFK,SO,0
JFK,SR,0
JFK,SS,0
JFK,SV,2
JFK,SX,2
JFK,SY,1
JFK,TC,3
JFK,TD,1
JFK,TG,0
JFK,TH,15
JFK,TM,1
JFK,TN,0
JFK,TR,30
JFK,TT,4
JFK,TW,0
JFK,TZ,5
JFK,UA,13
JFK,UG,1
JFK,UK,50
JFK,US,24
JFK,UY,2
JFK,VE,3
JFK,VI,2
JFK,VN,10
JFK,YT,0
JFK,ZA,1
JFK,ZM,3
JFK,ZW,3
JFK,AI,1
JFK,AS,1
JFK,BO,6
JFK,CK,2
JFK,CV,4
JFK,DM,3
JFK,FO,1
JFK,GG,0
JFK,GL,3
JFK,GW,1
JFK,GY,0
JFK,HT,0
JFK,KP,1
JFK,LY,1
JFK,MC,1
JFK,NC,1
JFK,PG,10
JFK,PY,0
JFK,SB,1
JFK,ST,1
JFK,TJ,2
JFK,TO,0
JFK,UZ,0
JFK,VC,1
JFK,VG,2
JFK,VU,2
JFK,WS,1
JFK,BL,0
JFK,FM,0
JFK,KI,1
JFK,MH,0
JFK,NU,0
JFK,SZ,1
JFK,TL,1
LHR,AE,8
LHR,AF,0
LHR,AG,1
LHR,AL,1
LHR,AM,1
LHR,AO,1
LHR,AR,14
LHR,AT,9
LHR,AU,1
LHR,AW,1
LHR,AZ,2
LHR,BA,1
LHR,BB,1
LHR,BD,0
LHR,BE,1
LHR,BF,1
LHR,BG,5
LHR,BH,0
LHR,BI,1
LHR,BJ,1
LHR,BM,0
LHR,BN,1
LHR,BQ,3
LHR,BR,1
LHR,BS,7
LHR,BW,0
LHR,BY,1
LHR,BZ,2
LHR,CA,56
LHR,CD,3
LHR,CF,0
LHR,CG,2
LHR,CH,10
LHR,CI,1
LHR,CL,4
LHR,CM,2
LHR,CN,115
LHR,CO,1
LHR,CR,2
LHR,CU,1
LHR,CW,1
LHR,CY,0
LHR,CZ,4
LHR,DE,31
LHR,DJ,1
LHR,DK,7
LHR,DO,5
LHR,DZ,6
LHR,EC,1
LHR,EE,3
LHR,EG,11
LHR,ER,1
LHR,ES,8
LHR,ET,10
LHR,FI,12
LHR,FJ,4
LHR,FR,52
LHR,GA,1
LHR,GD,0
LHR,GE,2
LHR,GF,0
LHR,GH,1
LHR,GI,2
LHR,GM,1
LHR,GN,1
LHR,GP,3
LHR,GQ,1
LHR,GR,41
LHR,GT,2
LHR,GU,1
LHR,HK,2
LHR,HN,3
LHR,HR,12
LHR,HU,3
LHR,ID,1
LHR,IE,7
LHR,IL,3
LHR,IN,4
LHR,IQ,4
LHR,IR,9
LHR,IS,3
LHR,IT,40
LHR,JM,2
LHR,JO,2
LHR,JP,44
LHR,KE,7
LHR,KG,0
LHR,KH,0
LHR,KM,1
LHR,KN,2
LHR,KO,1
LHR,KR,13
LHR,KW,2
LHR,KY,1
LHR,KZ,7
LHR,LA,2
LHR,LB,2
LHR,LC,3
LHR,LK,1
LHR,LR,0
LHR,LT,3
LHR,LU,2
LHR,LV,1
LHR,MA,0
LHR,MD,1
LHR,ME,2
LHR,MG,2
LHR,MK,2
LHR,ML,1
LHR,MM,6
LHR,MN,1
LHR,MO,0
LHR,MP,1
LHR,MQ,1
LHR,MR,1
LHR,MT,2
LHR,MU,3
LHR,MV,2
LHR,MW,0
LHR,MX,37
LHR,MY,18
LHR,MZ,6
LHR,NE,1
LHR,NG,9
LHR,NI,0
LHR,NL,6
LHR,NO,3
LHR,NP,1
LHR,NZ,20
LHR,OM,3
LHR,PA,1
LHR,PE,16
LHR,PF,2
LHR,PH,16
LHR,PK,12
LHR,PL,11
LHR,PR,0
LHR,PT,10
LHR,PW,1
LHR,QA,1
LHR,RE,2
LHR,RO,10
LHR,RS,0
LHR,RU,55
LHR,RW,1
LHR,SA,19
LHR,SC,0
LHR,SD,2
LHR,SE,32
LHR,SG,2
LHR,SI,0
LHR,SK,3
LHR,SL,1
LHR,SN,1
LHR,SO,1
LHR,SR,1
LHR,SS,0
LHR,SV,0
LHR,SX,1
LHR,SY,1
LHR,TC,0
LHR,TD,0
LHR,TG,1
LHR,TH,13
LHR,TM,0
LHR,TN,0
LHR,TR,18
LHR,TT,0
LHR,TW,6
LHR,TZ,6
LHR,UA,10
LHR,UG,1
LHR,UK,42
LHR,US,282
LHR,UY,2
LHR,VE,5
LHR,VI,2
LHR,VN,8
LHR,YT,1
LHR,ZA,15
LHR,ZM,4
LHR,ZW,3
LHR,AI,0
LHR,AS,0
LHR,BO,2
LHR,CK,1
LHR,CV,4
LHR,DM,3
LHR,FO,1
LHR,GG,0
LHR,GL,2
LHR,GW,1
LHR,GY,1
LHR,HT,2
LHR,KP,0
LHR,LY,0
LHR,MC,0
LHR,NC,0
LHR,PG,0
LHR,PY,1
LHR,SB,0
LHR,ST,1
LHR,TJ,2
LHR,TO,2
LHR,UZ,3
LHR,VC,1
LHR,VG,1
LHR,VU,1
LHR,WS,0
LHR,BL,0
LHR,FM,0
LHR,KI,0
LHR,MH,0
LHR,NU,0
LHR,SZ,0
LHR,TL,1
IST,AE,9
IST,AF,1
IST,AG,0
IST,AL,2
IST,AM,2
IST,AO,1
IST,AR,4
IST,AT,0
IST,AU,20
IST,AW,1
IST,AZ,3
IST,BA,2
IST,BB,0
IST,BD,4
IST,BE,0
IST,BF,2
IST,BG,4
IST,BH,2
IST,BI,1
IST,BJ,1
IST,BM,1
IST,BN,1
IST,BQ,1
IST,BR,24
IST,BS,0
IST,BW,1
IST,BY,2
IST,BZ,1
IST,CA,28
IST,CD,0
IST,CF,0
IST,CG,2
IST,CH,0
IST,CI,0
IST,CL,2
IST,CM,2
IST,CN,41
IST,CO,5
IST,CR,2
IST,CU,4
IST,CW,1
IST,CY,2
IST,CZ,2
IST,DE,27
IST,DJ,0
IST,DK,5
IST,DO,3
IST,DZ,1
IST,EC,0
IST,EE,3
IST,EG,11
IST,ER,0
IST,ES,29
IST,ET,2
IST,FI,6
IST,FJ,2
IST,FR,0
IST,GA,1
IST,GD,0
IST,GE,3
IST,GF,1
IST,GH,0
IST,GI,1
IST,GM,1
IST,GN,1
IST,GP,2
IST,GQ,1
IST,GR,27
IST,GT,1
IST,GU,1
IST,HK,1
IST,HN,0
IST,HR,7
IST,HU,0
IST,ID,13
IST,IE,5
IST,IL,2
IST,IN,30
IST,IQ,0
IST,IR,9
IST,IS,1
IST,IT,1
IST,JM,0
IST,JO,3
IST,JP,19
IST,KE,5
IST,KG,2
IST,KH,1
IST,KM,1
IST,KN,1
IST,KO,2
IST,KR,12
IST,KW,2
IST,KY,0
IST,KZ,9
IST,LA,2
IST,LB,2
IST,LC,3
IST,LK,1
IST,LR,1
IST,LT,0
IST,LU,2
IST,LV,0
IST,MA,10
IST,MD,2
IST,ME,2
IST,MG,1
IST,MK,3
IST,ML,1
IST,MM,2
IST,MN,0
IST,MO,0
IST,MP,0
IST,MQ,1
IST,MR,1
IST,MT,2
IST,MU,0
IST,MV,3
IST,MW,0
IST,MX,8
IST,MY,0
IST,MZ,0
IST,NE,1
IST,NG,6
IST,NI,1
IST,NL,4
IST,NO,17
IST,NP,2
IST,NZ,6
IST,OM,3
IST,PA,1
IST,PE,2
IST,PF,4
IST,PH,11
IST,PK,0
IST,PL,9
IST,PR,0
IST,PT,6
IST,PW,1
IST,QA,0
IST,RE,1
IST,RO,8
IST,RS,2
IST,RU,32
IST,RW,1
IST,SA,16
IST,SC,2
IST,SD,3
IST,SE,18
IST,SG,2
IST,SI,0
IST,SK,2
IST,SL,1
IST,SN,1
IST,SO,1
IST,SR,1
IST,SS,0
IST,SV,1
IST,SX,1
IST,SY,0
IST,TC,1
IST,TD,1
IST,TG,1
IST,TH,0
IST,TM,2
IST,TN,2
IST,TR,46
IST,TT,2
IST,TW,6
IST,TZ,5
IST,UA,0
IST,UG,1
IST,UK,2
IST,US,3
IST,UY,0
IST,VE,0
IST,VI,0
IST,VN,6
IST,YT,0
IST,ZA,8
IST,ZM,2
IST,ZW,0
IST,AI,0
IST,AS,0
IST,BO,0
IST,CK,0
IST,CV,3
IST,DM,0
IST,FO,1
IST,GG,0
IST,GL,0
IST,GW,1
IST,GY,0
IST,HT,1
IST,KP,0
IST,LY,0
IST,MC,1
IST,NC,0
IST,PG,1
IST,PY,1
IST,SB,0
IST,ST,0
IST,TJ,0
IST,TO,0
IST,UZ,0
IST,VC,0
IST,VG,0
IST,VU,0
IST,WS,0
IST,BL,0
IST,FM,0
IST,KI,0
IST,MH,0
IST,NU,0
IST,SZ,0
IST,TL,0
AMS,AE,10
AMS,AF,0
AMS,AG,0
AMS,AL,2
AMS,AM,1
AMS,AO,2
AMS,AR,9
AMS,AT,10
AMS,AU,29
AMS,AW,2
AMS,AZ,0
AMS,BA,1
AMS,BB,1
AMS,BD,0
AMS,BE,3
AMS,BF,0
AMS,BG,6
AMS,BH,1
AMS,BI,0
AMS,BJ,1
AMS,BM,1
AMS,BN,1
AMS,BQ,2
AMS,BR,1
AMS,BS,3
AMS,BW,1
AMS,BY,2
AMS,BZ,1
AMS,CA,46
AMS,CD,1
AMS,CF,1
AMS,CG,2
AMS,CH,1
AMS,CI,0
AMS,CL,0
AMS,CM,2
AMS,CN,4
AMS,CO,7
AMS,CR,0
AMS,CU,7
AMS,CW,2
AMS,CY,4
AMS,CZ,4
AMS,DE,32
AMS,DJ,1
AMS,DK,10
AMS,DO,7
AMS,DZ,2
AMS,EC,5
AMS,EE,2
AMS,EG,9
AMS,ER,1
AMS,ES,51
AMS,ET,3
AMS,FI,16
AMS,FJ,1
AMS,FR,54
AMS,GA,0
AMS,GD,0
AMS,GE,3
AMS,GF,1
AMS,GH,2
AMS,GI,0
AMS,GM,2
AMS,GN,1
AMS,GP,3
AMS,GQ,1
AMS,GR,45
AMS,GT,1
AMS,GU,1
AMS,HK,2
AMS,HN,3
AMS,HR,2
AMS,HU,3
AMS,ID,19
AMS,IE,2
AMS,IL,4
AMS,IN,1
AMS,IQ,3
AMS,IR,4
AMS,IS,3
AMS,IT,47
AMS,JM,0
AMS,JO,3
AMS,JP,20
AMS,KE,5
AMS,KG,1
AMS,KH,2
AMS,KM,1
AMS,KN,1
AMS,KO,1
AMS,KR,12
AMS,KW,2
AMS,KY,1
AMS,KZ,6
AMS,LA,3
AMS,LB,1
AMS,LC,3
AMS,LK,2
AMS,LR,1
AMS,LT,1
AMS,LU,2
AMS,LV,2
AMS,MA,14
AMS,MD,1
AMS,ME,3
AMS,MG,1
AMS,MK,3
AMS,ML,1
AMS,MM,3
AMS,MN,1
AMS,MO,1
AMS,MP,0
AMS,MQ,1
AMS,MR,1
AMS,MT,2
AMS,MU,0
AMS,MV,0
AMS,MW,2
AMS,MX,39
AMS,MY,0
AMS,MZ,3
AMS,NE,1
AMS,NG,4
AMS,NI,0
AMS,NL,0
AMS,NO,31
AMS,NP,1
AMS,NZ,16
AMS,OM,2
AMS,PA,3
AMS,PE,0
AMS,PF,0
AMS,PH,16
AMS,PK,7
AMS,PL,14
AMS,PR,2
AMS,PT,2
AMS,PW,0
AMS,QA,0
AMS,RE,1
AMS,RO,7
AMS,RS,1
AMS,RU,40
AMS,RW,2
AMS,SA,1
AMS,SC,0
AMS,SD,2
AMS,SE,34
AMS,SG,2
AMS,SI,2
AMS,SK,2
AMS,SL,0
AMS,SN,2
AMS,SO,0
AMS,SR,2
AMS,SS,0
AMS,SV,0
AMS,SX,2
AMS,SY,0
AMS,TC,1
AMS,TD,1
AMS,TG,1
AMS,TH,0
AMS,TM,1
AMS,TN,4
AMS,TR,45
AMS,TT,2
AMS,TW,6
AMS,TZ,5
AMS,UA,0
AMS,UG,1
AMS,UK,64
AMS,US,19
AMS,UY,0
AMS,VE,0
AMS,VI,2
AMS,VN,5
AMS,YT,1
AMS,ZA,14
AMS,ZM,3
AMS,ZW,3
AMS,AI,1
AMS,AS,0
AMS,BO,3
AMS,CK,1
AMS,CV,4
AMS,DM,1
AMS,FO,0
AMS,GG,0
AMS,GL,1
AMS,GW,1
AMS,GY,0
AMS,HT,0
AMS,KP,0
AMS,LY,0
AMS,MC,1
AMS,NC,1
AMS,PG,1
AMS,PY,1
AMS,SB,1
AMS,ST,1
AMS,TJ,0
AMS,TO,1
AMS,UZ,1
AMS,VC,0
AMS,VG,2
AMS,VU,1
AMS,WS,1
AMS,BL,0
AMS,FM,0
AMS,KI,0
AMS,MH,0
AMS,NU,0
AMS,SZ,1
AMS,TL,0
FCO,AE,8
FCO,AF,1
FCO,AG,1
FCO,AL,2
FCO,AM,1
FCO,AO,1
FCO,AR,12
FCO,AT,7
FCO,AU,0
FCO,AW,1
FCO,AZ,1
FCO,BA,0
FCO,BB,1
FCO,BD,2
FCO,BE,0
FCO,BF,0
FCO,BG,2
FCO,BH,0
FCO,BI,0
FCO,BJ,1
FCO,BM,0
FCO,BN,0
FCO,BQ,3
FCO,BR,35
FCO,BS,2
FCO,BW,1
FCO,BY,1
FCO,BZ,1
FCO,CA,29
FCO,CD,3
FCO,CF,0
FCO,CG,2
FCO,CH,2
FCO,CI,1
FCO,CL,11
FCO,CM,2
FCO,CN,62
FCO,CO,8
FCO,CR,2
FCO,CU,7
FCO,CW,0
FCO,CY,1
FCO,CZ,5
FCO,DE,13
FCO,DJ,0
FCO,DK,6
FCO,DO,5
FCO,DZ,5
FCO,EC,0
FCO,EE,1
FCO,EG,9
FCO,ER,1
FCO,ES,24
FCO,ET,1
FCO,FI,9
FCO,FJ,1
FCO,FR,44
FCO,GA,1
FCO,GD,0
FCO,GE,1
FCO,GF,1
FCO,GH,1
FCO,GI,1
FCO,GM,1
FCO,GN,0
FCO,GP,2
FCO,GQ,0
FCO,GR,41
FCO,GT,1
FCO,GU,1
FCO,HK,2
FCO,HN,0
FCO,HR,9
FCO,HU,3
FCO,ID,9
FCO,IE,7
FCO,IL,3
FCO,IN,0
FCO,IQ,1
FCO,IR,5
FCO,IS,1
FCO,IT,52
FCO,JM,2
FCO,JO,0
FCO,JP,18
FCO,KE,5
FCO,KG,0
FCO,KH,2
FCO,KM,0
FCO,KN,1
FCO,KO,1
FCO,KR,9
FCO,KW,2
FCO,KY,0
FCO,KZ,1
FCO,LA,2
FCO,LB,2
FCO,LC,3
FCO,LK,1
FCO,LR,1
FCO,LT,3
FCO,LU,2
FCO,LV,2
FCO,MA,3
FCO,MD,0
FCO,ME,3
FCO,MG,1
FCO,MK,0
FCO,ML,1
FCO,MM,4
FCO,MN,1
FCO,MO,1
FCO,MP,1
FCO,MQ,1
FCO,MR,1
FCO,MT,0
FCO,MU,1
FCO,MV,1
FCO,MW,0
FCO,MX,0
FCO,MY,9
FCO,MZ,0
FCO,NE,1
FCO,NG,5
FCO,NI,1
FCO,NL,6
FCO,NO,19
FCO,NP,1
FCO,NZ,0
FCO,OM,2
FCO,PA,0
FCO,PE,7
FCO,PF,2
FCO,PH,1
FCO,PK,7
FCO,PL,1
FCO,PR,0
FCO,PT,0
FCO,PW,1
FCO,QA,2
FCO,RE,0
FCO,RO,2
FCO,RS,2
FCO,RU,28
FCO,RW,0
FCO,SA,0
FCO,SC,0
FCO,SD,2
FCO,SE,7
FCO,SG,0
FCO,SI,1
FCO,SK,2
FCO,SL,1
FCO,SN,1
FCO,SO,0
FCO,SR,1
FCO,SS,0
FCO,SV,1
FCO,SX,1
FCO,SY,0
FCO,TC,1
FCO,TD,1
FCO,TG,1
FCO,TH,1
FCO,TM,0
FCO,TN,1
FCO,TR,5
FCO,TT,2
FCO,TW,6
FCO,TZ,6
FCO,UA,11
FCO,UG,1
FCO,UK,38
FCO,US,7
FCO,UY,1
FCO,VE,4
FCO,VI,0
FCO,VN,6
FCO,YT,0
FCO,ZA,7
FCO,ZM,3
FCO,ZW,0
FCO,AI,1
FCO,AS,0
FCO,BO,2
FCO,CK,1
FCO,CV,4
FCO,DM,0
FCO,FO,1
FCO,GG,1
FCO,GL,0
FCO,GW,1
FCO,GY,0
FCO,HT,1
FCO,KP,0
FCO,LY,1
FCO,MC,1
FCO,NC,1
FCO,PG,0
FCO,PY,1
FCO,SB,0
FCO,ST,1
FCO,TJ,0
FCO,TO,1
FCO,UZ,2
FCO,VC,0
FCO,VG,0
FCO,VU,0
FCO,WS,1
FCO,BL,0
FCO,FM,0
FCO,KI,0
FCO,MH,0
FCO,NU,0
FCO,SZ,0
FCO,TL,0
YYZ,AE,6
YYZ,AF,0
YYZ,AG,1
YYZ,AL,0
YYZ,AM,1
YYZ,AO,2
YYZ,AR,18
YYZ,AT,7
YYZ,AU,1
YYZ,AW,2
YYZ,AZ,1
YYZ,BA,2
YYZ,BB,2
YYZ,BD,4
YYZ,BE,3
YYZ,BF,1
YYZ,BG,3
YYZ,BH,0
YYZ,BI,0
YYZ,BJ,0
YYZ,BM,2
YYZ,BN,0
YYZ,BQ,3
YYZ,BR,35
YYZ,BS,13
YYZ,BW,3
YYZ,BY,1
YYZ,BZ,6
YYZ,CA,2
YYZ,CD,2
YYZ,CF,1
YYZ,CG,2
YYZ,CH,0
YYZ,CI,1
YYZ,CL,11
YYZ,CM,2
YYZ,CN,64
YYZ,CO,23
YYZ,CR,4
YYZ,CU,14
YYZ,CW,0
YYZ,CY,0
YYZ,CZ,0
YYZ,DE,22
YYZ,DJ,0
YYZ,DK,5
YYZ,DO,10
YYZ,DZ,3
YYZ,EC,0
YYZ,EE,1
YYZ,EG,7
YYZ,ER,1
YYZ,ES,30
YYZ,ET,0
YYZ,FI,5
YYZ,FJ,0
YYZ,FR,2
YYZ,GA,1
YYZ,GD,2
YYZ,GE,0
YYZ,GF,1
YYZ,GH,1
YYZ,GI,1
YYZ,GM,1
YYZ,GN,1
YYZ,GP,2
YYZ,GQ,0
YYZ,GR,22
YYZ,GT,2
YYZ,GU,1
YYZ,HK,2
YYZ,HN,5
YYZ,HR,1
YYZ,HU,3
YYZ,ID,9
YYZ,IE,7
YYZ,IL,0
YYZ,IN,47
YYZ,IQ,3
YYZ,IR,7
YYZ,IS,2
YYZ,IT,31
YYZ,JM,4
YYZ,JO,1
YYZ,JP,34
YYZ,KE,2
YYZ,KG,1
YYZ,KH,0
YYZ,KM,0
YYZ,KN,3
YYZ,KO,1
YYZ,KR,1
YYZ,KW,0
YYZ,KY,4
YYZ,KZ,3
YYZ,LA,0
YYZ,LB,1
YYZ,LC,4
YYZ,LK,0
YYZ,LR,1
YYZ,LT,2
YYZ,LU,1
YYZ,LV,1
YYZ,MA,8
YYZ,MD,1
YYZ,ME,2
YYZ,MG,0
YYZ,MK,0
YYZ,ML,1
YYZ,MM,2
YYZ,MN,1
YYZ,MO,0
YYZ,MP,1
YYZ,MQ,1
YYZ,MR,1
YYZ,MT,1
YYZ,MU,1
YYZ,MV,0
YYZ,MW,2
YYZ,MX,50
YYZ,MY,0
YYZ,MZ,2
YYZ,NE,1
YYZ,NG,4
YYZ,NI,2
YYZ,NL,6
YYZ,NO,18
YYZ,NP,1
YYZ,NZ,12
YYZ,OM,2
YYZ,PA,3
YYZ,PE,1
YYZ,PF,7
YYZ,PH,21
YYZ,PK,12
YYZ,PL,11
YYZ,PR,4
YYZ,PT,3
YYZ,PW,1
YYZ,QA,1
YYZ,RE,1
YYZ,RO,7
YYZ,RS,2
YYZ,RU,35
YYZ,RW,0
YYZ,SA,7
YYZ,SC,2
YYZ,SD,0
YYZ,SE,17
YYZ,SG,1
YYZ,SI,1
YYZ,SK,0
YYZ,SL,0
YYZ,SN,1
YYZ,SO,2
YYZ,SR,1
YYZ,SS,0
YYZ,SV,2
YYZ,SX,1
YYZ,SY,0
YYZ,TC,4
YYZ,TD,1
YYZ,TG,0
YYZ,TH,13
YYZ,TM,1
YYZ,TN,1
YYZ,TR,0
YYZ,TT,3
YYZ,TW,0
YYZ,TZ,5
YYZ,UA,10
YYZ,UG,1
YYZ,UK,32
YYZ,US,277
YYZ,UY,2
YYZ,VE,4
YYZ,VI,2
YYZ,VN,10
YYZ,YT,0
YYZ,ZA,0
YYZ,ZM,2
YYZ,ZW,2
YYZ,AI,0
YYZ,AS,0
YYZ,BO,3
YYZ,CK,2
YYZ,CV,4
YYZ,DM,3
YYZ,FO,1
YYZ,GG,0
YYZ,GL,3
YYZ,GW,0
YYZ,GY,3
YYZ,HT,0
YYZ,KP,0
YYZ,LY,0
YYZ,MC,0
YYZ,NC,0
YYZ,PG,0
YYZ,PY,1
YYZ,SB,1
YYZ,ST,1
YYZ,TJ,0
YYZ,TO,1
YYZ,UZ,0
YYZ,VC,0
YYZ,VG,1
YYZ,VU,0
YYZ,WS,1
YYZ,BL,1
YYZ,FM,0
YYZ,KI,0
YYZ,MH,0
YYZ,NU,0
YYZ,SZ,1
YYZ,TL,0
LGW,AE,5
LGW,AF,1
LGW,AG,2
LGW,AL,2
LGW,AM,1
LGW,AO,1
LGW,AR,12
LGW,AT,6
LGW,AU,0
LGW,AW,2
LGW,AZ,1
LGW,BA,1
LGW,BB,2
LGW,BD,4
LGW,BE,1
LGW,BF,1
LGW,BG,7
LGW,BH,1
LGW,BI,0
LGW,BJ,1
LGW,BM,2
LGW,BN,1
LGW,BQ,2
LGW,BR,30
LGW,BS,1
LGW,BW,3
LGW,BY,0
LGW,BZ,0
LGW,CA,36
LGW,CD,1
LGW,CF,1
LGW,CG,0
LGW,CH,7
LGW,CI,0
LGW,CL,3
LGW,CM,2
LGW,CN,42
LGW,CO,13
LGW,CR,4
LGW,CU,1
LGW,CW,1
LGW,CY,3
LGW,CZ,4
LGW,DE,23
LGW,DJ,1
LGW,DK,5
LGW,DO,7
LGW,DZ,3
LGW,EC,4
LGW,EE,0
LGW,EG,10
LGW,ER,1
LGW,ES,55
LGW,ET,2
LGW,FI,10
LGW,FJ,2
LGW,FR,51
LGW,GA,0
LGW,GD,1
LGW,GE,2
LGW,GF,0
LGW,GH,1
LGW,GI,2
LGW,GM,2
LGW,GN,1
LGW,GP,2
LGW,GQ,1
LGW,GR,20
LGW,GT,0
LGW,GU,1
LGW,HK,2
LGW,HN,3
LGW,HR,11
LGW,HU,1
LGW,ID,0
LGW,IE,1
LGW,IL,3
LGW,IN,36
LGW,IQ,0
LGW,IR,7
LGW,IS,4
LGW,IT,42
LGW,JM,4
LGW,JO,1
LGW,JP,13
LGW,KE,5
LGW,KG,0
LGW,KH,3
LGW,KM,0
LGW,KN,2
LGW,KO,2
LGW,KR,7
LGW,KW,0
LGW,KY,1
LGW,KZ,4
LGW,LA,0
LGW,LB,1
LGW,LC,4
LGW,LK,3
LGW,LR,1
LGW,LT,0
LGW,LU,2
LGW,LV,2
LGW,MA,4
LGW,MD,1
LGW,ME,3
LGW,MG,2
LGW,MK,1
LGW,ML,1
LGW,MM,3
LGW,MN,1
LGW,MO,0
LGW,MP,0
LGW,MQ,1
LGW,MR,0
LGW,MT,2
LGW,MU,3
LGW,MV,3
LGW,MW,2
LGW,MX,27
LGW,MY,8
LGW,MZ,4
LGW,NE,1
LGW,NG,0
LGW,NI,0
LGW,NL,4
LGW,NO,23
LGW,NP,1
LGW,NZ,10
LGW,OM,2
LGW,PA,1
LGW,PE,7
LGW,PF,1
LGW,PH,13
LGW,PK,9
LGW,PL,10
LGW,PR,4
LGW,PT,19
LGW,PW,0
LGW,QA,1
LGW,RE,2
LGW,RO,1
LGW,RS,1
LGW,RU,27
LGW,RW,1
LGW,SA,0
LGW,SC,0
LGW,SD,2
LGW,SE,13
LGW,SG,1
LGW,SI,2
LGW,SK,0
LGW,SL,0
LGW,SN,1
LGW,SO,2
LGW,SR,1
LGW,SS,0
LGW,SV,1
LGW,SX,1
LGW,SY,0
LGW,TC,2
LGW,TD,1
LGW,TG,1
LGW,TH,8
LGW,TM,0
LGW,TN,3
LGW,TR,4
LGW,TT,2
LGW,TW,4
LGW,TZ,0
LGW,UA,11
LGW,UG,1
LGW,UK,40
LGW,US,15
LGW,UY,1
LGW,VE,5
LGW,VI,2
LGW,VN,6
LGW,YT,0
LGW,ZA,12
LGW,ZM,4
LGW,ZW,2
LGW,AI,1
LGW,AS,0
LGW,BO,2
LGW,CK,0
LGW,CV,5
LGW,DM,0
LGW,FO,0
LGW,GG,0
LGW,GL,1
LGW,GW,1
LGW,GY,0
LGW,HT,2
LGW,KP,1
LGW,LY,0
LGW,MC,0
LGW,NC,1
LGW,PG,2
LGW,PY,1
LGW,SB,1
LGW,ST,1
LGW,TJ,2
LGW,TO,1
LGW,UZ,1
LGW,VC,1
LGW,VG,1
LGW,VU,0
LGW,WS,1
LGW,BL,0
LGW,FM,0
LGW,KI,0
LGW,MH,0
LGW,NU,0
LGW,SZ,0
LGW,TL,0
DXB,AE,0
DXB,AF,0
DXB,AG,1
DXB,AL,0
DXB,AM,2
DXB,AO,1
DXB,AR,4
DXB,AT,7
DXB,AU,18
DXB,AW,1
DXB,AZ,2
DXB,BA,2
DXB,BB,0
DXB,BD,4
DXB,BE,3
DXB,BF,0
DXB,BG,4
DXB,BH,2
DXB,BI,0
DXB,BJ,0
DXB,BM,1
DXB,BN,0
DXB,BQ,1
DXB,BR,0
DXB,BS,2
DXB,BW,0
DXB,BY,1
DXB,BZ,1
DXB,CA,23
DXB,CD,2
DXB,CF,0
DXB,CG,2
DXB,CH,6
DXB,CI,0
DXB,CL,0
DXB,CM,0
DXB,CN,47
DXB,CO,3
DXB,CR,1
DXB,CU,2
DXB,CW,1
DXB,CY,2
DXB,CZ,1
DXB,DE,21
DXB,DJ,2
DXB,DK,2
DXB,DO,4
DXB,DZ,3
DXB,EC,3
DXB,EE,1
DXB,EG,9
DXB,ER,2
DXB,ES,4
DXB,ET,0
DXB,FI,8
DXB,FJ,2
DXB,FR,23
DXB,GA,1
DXB,GD,1
DXB,GE,1
DXB,GF,1
DXB,GH,2
DXB,GI,0
DXB,GM,0
DXB,GN,1
DXB,GP,0
DXB,GQ,1
DXB,GR,9
DXB,GT,0
DXB,GU,1
DXB,HK,2
DXB,HN,0
DXB,HR,6
DXB,HU,2
DXB,ID,1
DXB,IE,5
DXB,IL,1
DXB,IN,63
DXB,IQ,9
DXB,IR,13
DXB,IS,1
DXB,IT,22
DXB,JM,0
DXB,JO,2
DXB,JP,2
DXB,KE,6
DXB,KG,2
DXB,KH,3
DXB,KM,1
DXB,KN,2
DXB,KO,1
DXB,KR,0
DXB,KW,2
DXB,KY,1
DXB,KZ,5
DXB,LA,2
DXB,LB,2
DXB,LC,2
DXB,LK,3
DXB,LR,1
DXB,LT,1
DXB,LU,1
DXB,LV,1
DXB,MA,8
DXB,MD,0
DXB,ME,0
DXB,MG,1
DXB,MK,1
DXB,ML,0
DXB,MM,4
DXB,MN,1
DXB,MO,0
DXB,MP,1
DXB,MQ,0
DXB,MR,0
DXB,MT,2
DXB,MU,2
DXB,MV,0
DXB,MW,2
DXB,MX,0
DXB,MY,14
DXB,MZ,4
DXB,NE,0
DXB,NG,5
DXB,NI,0
DXB,NL,5
DXB,NO,11
DXB,NP,2
DXB,NZ,7
DXB,OM,3
DXB,PA,1
DXB,PE,0
DXB,PF,2
DXB,PH,22
DXB,PK,16
DXB,PL,6
DXB,PR,1
DXB,PT,5
DXB,PW,0
DXB,QA,2
DXB,RE,1
DXB,RO,4
DXB,RS,1
DXB,RU,47
DXB,RW,3
DXB,SA,25
DXB,SC,0
DXB,SD,5
DXB,SE,11
DXB,SG,2
DXB,SI,1
DXB,SK,3
DXB,SL,1
DXB,SN,1
DXB,SO,3
DXB,SR,1
DXB,SS,0
DXB,SV,1
DXB,SX,0
DXB,SY,0
DXB,TC,0
DXB,TD,1
DXB,TG,1
DXB,TH,10
DXB,TM,2
DXB,TN,4
DXB,TR,5
DXB,TT,1
DXB,TW,8
DXB,TZ,0
DXB,UA,13
DXB,UG,2
DXB,UK,36
DXB,US,128
DXB,UY,1
DXB,VE,0
DXB,VI,0
DXB,VN,6
DXB,YT,1
DXB,ZA,12
DXB,ZM,4
DXB,ZW,3
DXB,AI,0
DXB,AS,0
DXB,BO,2
DXB,CK,0
DXB,CV,3
DXB,DM,1
DXB,FO,0
DXB,GG,0
DXB,GL,0
DXB,GW,0
DXB,GY,1
DXB,HT,1
DXB,KP,0
DXB,LY,0
DXB,MC,1
DXB,NC,0
DXB,PG,0
DXB,PY,0
DXB,SB,0
DXB,ST,0
DXB,TJ,0
DXB,TO,0
DXB,UZ,3
DXB,VC,1
DXB,VG,0
DXB,VU,0
DXB,WS,0
DXB,BL,0
DXB,FM,0
DXB,KI,0
DXB,MH,0
DXB,NU,0
DXB,SZ,0
DXB,TL,0
CDG,AE,8
CDG,AF,1
CDG,AG,0
CDG,AL,1
CDG,AM,2
CDG,AO,2
CDG,AR,10
CDG,AT,7
CDG,AU,21
CDG,AW,0
CDG,AZ,2
CDG,BA,1
CDG,BB,1
CDG,BD,0
CDG,BE,0
CDG,BF,1
CDG,BG,3
CDG,BH,0
CDG,BI,1
CDG,BJ,2
CDG,BM,1
CDG,BN,0
CDG,BQ,0
CDG,BR,0
CDG,BS,3
CDG,BW,1
CDG,BY,2
CDG,BZ,1
CDG,CA,42
CDG,CD,0
CDG,CF,1
CDG,CG,3
CDG,CH,7
CDG,CI,2
CDG,CL,1
CDG,CM,1
CDG,CN,75
CDG,CO,10
CDG,CR,4
CDG,CU,6
CDG,CW,1
CDG,CY,2
CDG,CZ,4
CDG,DE,7
CDG,DJ,2
CDG,DK,5
CDG,DO,3
CDG,DZ,2
CDG,EC,0
CDG,EE,2
CDG,EG,10
CDG,ER,1
CDG,ES,44
CDG,ET,9
CDG,FI,10
CDG,FJ,0
CDG,FR,42
CDG,GA,2
CDG,GD,1
CDG,GE,0
CDG,GF,1
CDG,GH,2
CDG,GI,1
CDG,GM,1
CDG,GN,1
CDG,GP,4
CDG,GQ,1
CDG,GR,34
CDG,GT,1
CDG,GU,1
CDG,HK,2
CDG,HN,2
CDG,HR,2
CDG,HU,3
CDG,ID,0
CDG,IE,2
CDG,IL,2
CDG,IN,40
CDG,IQ,5
CDG,IR,0
CDG,IS,0
CDG,IT,38
CDG,JM,2
CDG,JO,3
CDG,JP,29
CDG,KE,4
CDG,KG,0
CDG,KH,0
CDG,KM,1
CDG,KN,2
CDG,KO,2
CDG,KR,12
CDG,KW,2
CDG,KY,1
CDG,KZ,3
CDG,LA,0
CDG,LB,1
CDG,LC,3
CDG,LK,2
CDG,LR,1
CDG,LT,4
CDG,LU,2
CDG,LV,2
CDG,MA,13
CDG,MD,1
CDG,ME,0
CDG,MG,9
CDG,MK,1
CDG,ML,1
CDG,MM,3
CDG,MN,0
CDG,MO,1
CDG,MP,0
CDG,MQ,2
CDG,MR,2
CDG,MT,2
CDG,MU,3
CDG,MV,1
CDG,MW,2
CDG,MX,40
CDG,MY,13
CDG,MZ,4
CDG,NE,2
CDG,NG,0
CDG,NI,0
CDG,NL,0
CDG,NO,2
CDG,NP,1
CDG,NZ,1
CDG,OM,3
CDG,PA,0
CDG,PE,1
CDG,PF,3
CDG,PH,12
CDG,PK,9
CDG,PL,12
CDG,PR,0
CDG,PT,9
CDG,PW,1
CDG,QA,2
CDG,RE,3
CDG,RO,8
CDG,RS,2
CDG,RU,29
CDG,RW,1
CDG,SA,0
CDG,SC,3
CDG,SD,0
CDG,SE,27
CDG,SG,2
CDG,SI,2
CDG,SK,2
CDG,SL,1
CDG,SN,2
CDG,SO,2
CDG,SR,0
CDG,SS,0
CDG,SV,0
CDG,SX,1
CDG,SY,0
CDG,TC,0
CDG,TD,2
CDG,TG,0
CDG,TH,0
CDG,TM,1
CDG,TN,6
CDG,TR,2
CDG,TT,2
CDG,TW,6
CDG,TZ,4
CDG,UA,11
CDG,UG,0
CDG,UK,55
CDG,US,228
CDG,UY,2
CDG,VE,4
CDG,VI,2
CDG,VN,9
CDG,YT,2
CDG,ZA,11
CDG,ZM,3
CDG,ZW,0
CDG,AI,1
CDG,AS,0
CDG,BO,2
CDG,CK,1
CDG,CV,4
CDG,DM,2
CDG,FO,0
CDG,GG,0
CDG,GL,0
CDG,GW,1
CDG,GY,2
CDG,HT,1
CDG,KP,1
CDG,LY,0
CDG,MC,0
CDG,NC,1
CDG,PG,1
CDG,PY,0
CDG,SB,0
CDG,ST,0
CDG,TJ,1
CDG,TO,1
CDG,UZ,2
CDG,VC,0
CDG,VG,1
CDG,VU,1
CDG,WS,0
CDG,BL,0
CDG,FM,0
CDG,KI,0
CDG,MH,0
CDG,NU,0
CDG,SZ,0
CDG,TL,1
FRA,AE,9
FRA,AF,1
FRA,AG,1
FRA,AL,2
FRA,AM,1
FRA,AO,2
FRA,AR,12
FRA,AT,10
FRA,AU,2
FRA,AW,0
FRA,AZ,2
FRA,BA,1
FRA,BB,1
FRA,BD,3
FRA,BE,0
FRA,BF,1
FRA,BG,6
FRA,BH,2
FRA,BI,0
FRA,BJ,1
FRA,BM,1
FRA,BN,0
FRA,BQ,3
FRA,BR,44
FRA,BS,4
FRA,BW,2
FRA,BY,2
FRA,BZ,0
FRA,CA,42
FRA,CD,0
FRA,CF,0
FRA,CG,0
FRA,CH,8
FRA,CI,1
FRA,CL,12
FRA,CM,0
FRA,CN,78
FRA,CO,0
FRA,CR,2
FRA,CU,2
FRA,CW,1
FRA,CY,4
FRA,CZ,4
FRA,DE,31
FRA,DJ,1
FRA,DK,4
FRA,DO,6
FRA,DZ,5
FRA,EC,1
FRA,EE,1
FRA,EG,10
FRA,ER,0
FRA,ES,45
FRA,ET,0
FRA,FI,13
FRA,FJ,2
FRA,FR,40
FRA,GA,0
FRA,GD,0
FRA,GE,0
FRA,GF,1
FRA,GH,0
FRA,GI,1
FRA,GM,1
FRA,GN,1
FRA,GP,2
FRA,GQ,0
FRA,GR,33
FRA,GT,1
FRA,GU,0
FRA,HK,2
FRA,HN,0
FRA,HR,11
FRA,HU,3
FRA,ID,16
FRA,IE,7
FRA,IL,2
FRA,IN,37
FRA,IQ,5
FRA,IR,5
FRA,IS,1
FRA,IT,46
FRA,JM,3
FRA,JO,3
FRA,JP,34
FRA,KE,2
FRA,KG,2
FRA,KH,2
FRA,KM,1
FRA,KN,2
FRA,KO,1
FRA,KR,11
FRA,KW,2
FRA,KY,2
FRA,KZ,9
FRA,LA,2
FRA,LB,0
FRA,LC,3
FRA,LK,2
FRA,LR,1
FRA,LT,4
FRA,LU,0
FRA,LV,2
FRA,MA,1
FRA,MD,0
FRA,ME,0
FRA,MG,2
FRA,MK,1
FRA,ML,1
FRA,MM,4
FRA,MN,2
FRA,MO,0
FRA,MP,1
FRA,MQ,1
FRA,MR,1
FRA,MT,2
FRA,MU,1
FRA,MV,2
FRA,MW,0
FRA,MX,28
FRA,MY,15
FRA,MZ,0
FRA,NE,1
FRA,NG,0
FRA,NI,1
FRA,NL,0
FRA,NO,22
FRA,NP,0
FRA,NZ,18
FRA,OM,3
FRA,PA,3
FRA,PE,10
FRA,PF,3
FRA,PH,10
FRA,PK,9
FRA,PL,15
FRA,PR,3
FRA,PT,15
FRA,PW,1
FRA,QA,2
FRA,RE,0
FRA,RO,0
FRA,RS,0
FRA,RU,50
FRA,RW,0
FRA,SA,13
FRA,SC,2
FRA,SD,0
FRA,SE,0
FRA,SG,2
FRA,SI,2
FRA,SK,2
FRA,SL,1
FRA,SN,1
FRA,SO,1
FRA,SR,1
FRA,SS,0
FRA,SV,1
FRA,SX,1
FRA,SY,0
FRA,TC,1
FRA,TD,1
FRA,TG,1
FRA,TH,15
FRA,TM,1
FRA,TN,4
FRA,TR,19
FRA,TT,0
FRA,TW,6
FRA,TZ,3
FRA,UA,10
FRA,UG,1
FRA,UK,37
FRA,US,16
FRA,UY,1
FRA,VE,1
FRA,VI,1
FRA,VN,9
FRA,YT,1
FRA,ZA,9
FRA,ZM,2
FRA,ZW,1
FRA,AI,1
FRA,AS,0
FRA,BO,2
FRA,CK,1
FRA,CV,4
FRA,DM,0
FRA,FO,1
FRA,GG,0
FRA,GL,1
FRA,GW,1
FRA,GY,1
FRA,HT,0
FRA,KP,1
FRA,LY,0
FRA,MC,0
FRA,NC,1
FRA,PG,1
FRA,PY,1
FRA,SB,0
FRA,ST,1
FRA,TJ,3
FRA,TO,0
FRA,UZ,2
FRA,VC,0
FRA,VG,1
FRA,VU,0
FRA,WS,1
FRA,BL,0
FRA,FM,0
FRA,KI,0
FRA,MH,0
FRA,NU,0
FRA,SZ,0
FRA,TL,0
JFK,AE,0
JFK,AF,1
JFK,AG,2
JFK,AL,0
JFK,AM,0
JFK,AO,0
JFK,AR,23
JFK,AT,0
JFK,AU,36
JFK,AW,2
JFK,AZ,3
JFK,BA,2
JFK,BB,2
JFK,BD,5
JFK,BE,0
JFK,BF,1
JFK,BG,4
JFK,BH,0
JFK,BI,1
JFK,BJ,1
JFK,BM,1
JFK,BN,0
JFK,BQ,0
JFK,BR,1
JFK,BS,12
JFK,BW,2
JFK,BY,2
JFK,BZ,8
JFK,CA,1
JFK,CD,2
JFK,CF,1
JFK,CG,2
JFK,CH,9
JFK,CI,2
JFK,CL,0
JFK,CM,0
JFK,CN,89
JFK,CO,22
JFK,CR,6
JFK,CU,8
JFK,CW,2
JFK,CY,2
JFK,CZ,5
JFK,DE,24
JFK,DJ,1
JFK,DK,7
JFK,DO,6
JFK,DZ,3
JFK,EC,12
JFK,EE,1
JFK,EG,8
JFK,ER,0
JFK,ES,8
JFK,ET,6
JFK,FI,12
JFK,FJ,6
JFK,FR,45
JFK,GA,1
JFK,GD,1
JFK,GE,3
JFK,GF,0
JFK,GH,2
JFK,GI,1
JFK,GM,1
JFK,GN,1
JFK,GP,4
JFK,GQ,0
JFK,GR,26
JFK,GT,0
JFK,GU,1
JFK,HK,1
JFK,HN,5
JFK,HR,7
JFK,HU,2
JFK,ID,21
JFK,IE,6
JFK,IL,4
JFK,IN,53
JFK,IQ,5
JFK,IR,0
JFK,IS,5
JFK,IT,36
JFK,JM,4
JFK,JO,3
JFK,JP,43
JFK,KE,6
JFK,KG,1
JFK,KH,1
JFK,KM,1
JFK,KN,2
JFK,KO,1
JFK,KR,11
JFK,KW,2
JFK,KY,0
JFK,KZ,7
JFK,LA,2
JFK,LB,1
JFK,LC,0
JFK,LK,1
JFK,LR,1
JFK,LT,1
JFK,LU,1
JFK,LV,2
JFK,MA,14
JFK,MD,2
JFK,ME,2
JFK,MG,3
JFK,MK,2
JFK,ML,1
JFK,MM,0
JFK,MN,1
JFK,MO,1
JFK,MP,1
JFK,MQ,1
JFK,MR,0
JFK,MT,1
JFK,MU,2
JFK,MV,0
JFK,MW,2
JFK,MX,3
JFK,MY,16
JFK,MZ,4
JFK,NE,1
JFK,NG,10
JFK,NI,1
JFK,NL,4
JFK,NO,12
JFK,NP,1
JFK,NZ,18
JFK,OM,2
JFK,PA,3
JFK,PE,16
JFK,PF,10
JFK,PH,0
JFK,PK,1
JFK,PL,12
JFK,PR,7
JFK,PT,13
JFK,PW,1
JFK,QA,2
JFK,RE,2
JFK,RO,8
JFK,RS,3
JFK,RU,53
JFK,RW,2
JFK,SA,15
JFK,SC,2
JFK,SD,2
JFK,SE,29
JFK,SG,1
JFK,SI,1
JFK,SK,2
JFK,SL,1
JFK,SN,0
JFK,SO,0
JFK,SR,1
JFK,SS,0
JFK,SV,2
JFK,SX,2
JFK,SY,1
JFK,TC,4
JFK,TD,1
JFK,TG,1
JFK,TH,15
JFK,TM,0
JFK,TN,0
JFK,TR,2
JFK,TT,4
JFK,TW,11
JFK,TZ,5
JFK,UA,1
JFK,UG,1
JFK,UK,49
JFK,US,223
JFK,UY,2
JFK,VE,3
JFK,VI,0
JFK,VN,10
JFK,YT,0
JFK,ZA,1
JFK,ZM,3
JFK,ZW,0
JFK,AI,1
JFK,AS,0
JFK,BO,6
JFK,CK,2
JFK,CV,4
JFK,DM,0
JFK,FO,1
JFK,GG,0
JFK,GL,3
JFK,GW,1
JFK,GY,0
JFK,HT,2
JFK,KP,1
JFK,LY,1
JFK,MC,1
JFK,NC,1
JFK,PG,0
JFK,PY,2
JFK,SB,1
JFK,ST,1
JFK,TJ,2
JFK,TO,2
JFK,UZ,4
JFK,VC,1
JFK,VG,2
JFK,VU,2
JFK,WS,1
JFK,BL,0
JFK,FM,0
JFK,KI,1
JFK,MH,0
JFK,NU,0
JFK,SZ,0
JFK,TL,1
LHR,AE,0
LHR,AF,1
LHR,AG,0
LHR,AL,0
LHR,AM,1
LHR,AO,1
LHR,AR,15
LHR,AT,9
LHR,AU,1
LHR,AW,1
LHR,AZ,0
LHR,BA,1
LHR,BB,1
LHR,BD,4
LHR,BE,1
LHR,BF,1
LHR,BG,5
LHR,BH,2
LHR,BI,0
LHR,BJ,0
LHR,BM,1
LHR,BN,0
LHR,BQ,3
LHR,BR,48
LHR,BS,7
LHR,BW,3
LHR,BY,0
LHR,BZ,0
LHR,CA,56
LHR,CD,3
LHR,CF,1
LHR,CG,2
LHR,CH,10
LHR,CI,1
LHR,CL,4
LHR,CM,0
LHR,CN,114
LHR,CO,15
LHR,CR,2
LHR,CU,7
LHR,CW,1
LHR,CY,3
LHR,CZ,4
LHR,DE,31
LHR,DJ,1
LHR,DK,7
LHR,DO,5
LHR,DZ,7
LHR,EC,1
LHR,EE,3
LHR,EG,10
LHR,ER,1
LHR,ES,43
LHR,ET,10
LHR,FI,1
LHR,FJ,4
LHR,FR,52
LHR,GA,1
LHR,GD,1
LHR,GE,2
LHR,GF,1
LHR,GH,2
LHR,GI,1
LHR,GM,0
LHR,GN,0
LHR,GP,3
LHR,GQ,0
LHR,GR,12
LHR,GT,2
LHR,GU,1
LHR,HK,2
LHR,HN,3
LHR,HR,12
LHR,HU,3
LHR,ID,20
LHR,IE,7
LHR,IL,3
LHR,IN,4
LHR,IQ,0
LHR,IR,9
LHR,IS,3
LHR,IT,41
LHR,JM,2
LHR,JO,2
LHR,JP,2
LHR,KE,7
LHR,KG,1
LHR,KH,3
LHR,KM,1
LHR,KN,0
LHR,KO,0
LHR,KR,13
LHR,KW,2
LHR,KY,1
LHR,KZ,0
LHR,LA,2
LHR,LB,2
LHR,LC,3
LHR,LK,3
LHR,LR,1
LHR,LT,3
LHR,LU,1
LHR,LV,1
LHR,MA,0
LHR,MD,1
LHR,ME,2
LHR,MG,2
LHR,MK,2
LHR,ML,1
LHR,MM,0
LHR,MN,1
LHR,MO,1
LHR,MP,1
LHR,MQ,1
LHR,MR,1
LHR,MT,2
LHR,MU,1
LHR,MV,2
LHR,MW,2
LHR,MX,36
LHR,MY,1
LHR,MZ,6
LHR,NE,1
LHR,NG,2
LHR,NI,1
LHR,NL,6
LHR,NO,33
LHR,NP,0
LHR,NZ,0
LHR,OM,3
LHR,PA,1
LHR,PE,0
LHR,PF,2
LHR,PH,0
LHR,PK,13
LHR,PL,12
LHR,PR,0
LHR,PT,1
LHR,PW,1
LHR,QA,1
LHR,RE,2
LHR,RO,10
LHR,RS,3
LHR,RU,1
LHR,RW,1
LHR,SA,0
LHR,SC,0
LHR,SD,2
LHR,SE,2
LHR,SG,2
LHR,SI,0
LHR,SK,2
LHR,SL,1
LHR,SN,1
LHR,SO,2
LHR,SR,0
LHR,SS,0
LHR,SV,0
LHR,SX,1
LHR,SY,1
LHR,TC,2
LHR,TD,1
LHR,TG,1
LHR,TH,13
LHR,TM,0
LHR,TN,0
LHR,TR,19
LHR,TT,2
LHR,TW,0
LHR,TZ,6
LHR,UA,10
LHR,UG,1
LHR,UK,41
LHR,US,284
LHR,UY,0
LHR,VE,5
LHR,VI,2
LHR,VN,8
LHR,YT,0
LHR,ZA,15
LHR,ZM,4
LHR,ZW,3
LHR,AI,1
LHR,AS,0
LHR,BO,2
LHR,CK,1
LHR,CV,4
LHR,DM,2
LHR,FO,0
LHR,GG,0
LHR,GL,2
LHR,GW,0
LHR,GY,0
LHR,HT,1
LHR,KP,1
LHR,LY,1
LHR,MC,0
LHR,NC,1
LHR,PG,6
LHR,PY,1
LHR,SB,2
LHR,ST,0
LHR,TJ,0
LHR,TO,0
LHR,UZ,3
LHR,VC,1
LHR,VG,1
LHR,VU,0
LHR,WS,1
LHR,BL,0
LHR,FM,0
LHR,KI,0
LHR,MH,0
LHR,NU,0
LHR,SZ,1
LHR,TL,1
IST,AE,1
IST,AF,1
IST,AG,1
IST,AL,2
IST,AM,0
IST,AO,1
IST,AR,4
IST,AT,0
IST,AU,0
IST,AW,1
IST,AZ,2
IST,BA,2
IST,BB,0
IST,BD,4
IST,BE,0
IST,BF,2
IST,BG,1
IST,BH,2
IST,BI,1
IST,BJ,1
IST,BM,1
IST,BN,1
IST,BQ,1
IST,BR,24
IST,BS,0
IST,BW,1
IST,BY,2
IST,BZ,1
IST,CA,28
IST,CD,1
IST,CF,1
IST,CG,2
IST,CH,5
IST,CI,1
IST,CL,2
IST,CM,0
IST,CN,44
IST,CO,5
IST,CR,2
IST,CU,4
IST,CW,1
IST,CY,2
IST,CZ,2
IST,DE,25
IST,DJ,1
IST,DK,1
IST,DO,3
IST,DZ,1
IST,EC,0
IST,EE,3
IST,EG,10
IST,ER,0
IST,ES,29
IST,ET,2
IST,FI,5
IST,FJ,2
IST,FR,35
IST,GA,1
IST,GD,0
IST,GE,0
IST,GF,1
IST,GH,2
IST,GI,1
IST,GM,1
IST,GN,0
IST,GP,2
IST,GQ,1
IST,GR,27
IST,GT,0
IST,GU,1
IST,HK,1
IST,HN,2
IST,HR,7
IST,HU,0
IST,ID,0
IST,IE,5
IST,IL,2
IST,IN,0
IST,IQ,9
IST,IR,0
IST,IS,0
IST,IT,32
IST,JM,2
IST,JO,3
IST,JP,1
IST,KE,0
IST,KG,2
IST,KH,3
IST,KM,0
IST,KN,1
IST,KO,2
IST,KR,12
IST,KW,2
IST,KY,0
IST,KZ,0
IST,LA,2
IST,LB,2
IST,LC,3
IST,LK,1
IST,LR,1
IST,LT,2
IST,LU,2
IST,LV,0
IST,MA,10
IST,MD,2
IST,ME,0
IST,MG,1
IST,MK,3
IST,ML,1
IST,MM,0
IST,MN,1
IST,MO,0
IST,MP,1
IST,MQ,1
IST,MR,0
IST,MT,0
IST,MU,0
IST,MV,3
IST,MW,2
IST,MX,8
IST,MY,10
IST,MZ,0
IST,NE,1
IST,NG,6
IST,NI,1
IST,NL,4
IST,NO,1
IST,NP,0
IST,NZ,6
IST,OM,3
IST,PA,0
IST,PE,2
IST,PF,4
IST,PH,11
IST,PK,10
IST,PL,9
IST,PR,1
IST,PT,6
IST,PW,1
IST,QA,2
IST,RE,0
IST,RO,8
IST,RS,2
IST,RU,2
IST,RW,0
IST,SA,15
IST,SC,3
IST,SD,3
IST,SE,17
IST,SG,2
IST,SI,2
IST,SK,0
IST,SL,0
IST,SN,1
IST,SO,1
IST,SR,1
IST,SS,0
IST,SV,0
IST,SX,1
IST,SY,0
IST,TC,1
IST,TD,1
IST,TG,1
IST,TH,17
IST,TM,2
IST,TN,2
IST,TR,46
IST,TT,2
IST,TW,0
IST,TZ,5
IST,UA,0
IST,UG,0
IST,UK,2
IST,US,3
IST,UY,2
IST,VE,0
IST,VI,0
IST,VN,0
IST,YT,0
IST,ZA,8
IST,ZM,2
IST,ZW,0
IST,AI,0
IST,AS,0
IST,BO,0
IST,CK,0
IST,CV,3
IST,DM,0
IST,FO,1
IST,GG,0
IST,GL,0
IST,GW,0
IST,GY,1
IST,HT,1
IST,KP,0
IST,LY,5
IST,MC,1
IST,NC,0
IST,PG,1
IST,PY,1
IST,SB,0
IST,ST,1
IST,TJ,2
IST,TO,0
IST,UZ,3
IST,VC,0
IST,VG,0
IST,VU,0
IST,WS,0
IST,BL,1
IST,FM,0
IST,KI,0
IST,MH,0
IST,NU,0
IST,SZ,1
IST,TL,0
AMS,AE,1
AMS,AF,0
AMS,AG,1
AMS,AL,2
AMS,AM,1
AMS,AO,0
AMS,AR,10
AMS,AT,10
AMS,AU,1
AMS,AW,2
AMS,AZ,1
AMS,BA,0
AMS,BB,1
AMS,BD,2
AMS,BE,3
AMS,BF,0
AMS,BG,6
AMS,BH,1
AMS,BI,1
AMS,BJ,1
AMS,BM,1
AMS,BN,1
AMS,BQ,2
AMS,BR,1
AMS,BS,1
AMS,BW,1
AMS,BY,2
AMS,BZ,1
AMS,CA,3
AMS,CD,1
AMS,CF,1
AMS,CG,0
AMS,CH,10
AMS,CI,1
AMS,CL,0
AMS,CM,2
AMS,CN,72
AMS,CO,1
AMS,CR,2
AMS,CU,0
AMS,CW,2
AMS,CY,4
AMS,CZ,4
AMS,DE,3
AMS,DJ,1
AMS,DK,10
AMS,DO,7
AMS,DZ,2
AMS,EC,5
AMS,EE,2
AMS,EG,0
AMS,ER,1
AMS,ES,53
AMS,ET,3
AMS,FI,16
AMS,FJ,1
AMS,FR,54
AMS,GA,0
AMS,GD,1
AMS,GE,4
AMS,GF,0
AMS,GH,0
AMS,GI,1
AMS,GM,2
AMS,GN,0
AMS,GP,2
AMS,GQ,1
AMS,GR,44
AMS,GT,1
AMS,GU,0
AMS,HK,0
AMS,HN,3
AMS,HR,12
AMS,HU,0
AMS,ID,0
AMS,IE,2
AMS,IL,4
AMS,IN,47
AMS,IQ,4
AMS,IR,4
AMS,IS,3
AMS,IT,13
AMS,JM,2
AMS,JO,3
AMS,JP,21
AMS,KE,5
AMS,KG,1
AMS,KH,2
AMS,KM,0
AMS,KN,1
AMS,KO,1
AMS,KR,0
AMS,KW,1
AMS,KY,0
AMS,KZ,0
AMS,LA,3
AMS,LB,1
AMS,LC,3
AMS,LK,2
AMS,LR,1
AMS,LT,1
AMS,LU,0
AMS,LV,2
AMS,MA,4
AMS,MD,1
AMS,ME,3
AMS,MG,0
AMS,MK,1
AMS,ML,0
AMS,MM,0
AMS,MN,1
AMS,MO,1
AMS,MP,1
AMS,MQ,1
AMS,MR,1
AMS,MT,1
AMS,MU,1
AMS,MV,0
AMS,MW,2
AMS,MX,0
AMS,MY,18
AMS,MZ,3
AMS,NE,1
AMS,NG,5
AMS,NI,1
AMS,NL,2
AMS,NO,11
AMS,NP,0
AMS,NZ,16
AMS,OM,2
AMS,PA,3
AMS,PE,0
AMS,PF,2
AMS,PH,16
AMS,PK,7
AMS,PL,15
AMS,PR,2
AMS,PT,2
AMS,PW,0
AMS,QA,2
AMS,RE,1
AMS,RO,7
AMS,RS,1
AMS,RU,1
AMS,RW,2
AMS,SA,10
AMS,SC,2
AMS,SD,0
AMS,SE,33
AMS,SG,2
AMS,SI,2
AMS,SK,2
AMS,SL,1
AMS,SN,2
AMS,SO,1
AMS,SR,1
AMS,SS,0
AMS,SV,1
AMS,SX,0
AMS,SY,0
AMS,TC,0
AMS,TD,0
AMS,TG,1
AMS,TH,12
AMS,TM,1
AMS,TN,4
BOS,anywhere,233
LGA,US,253
BOS,anywhere,233
LGA,US,253
